0,1,2,3,4,5,6,7,8,9,10,11,12,13,14,15,16,17,18,19,20,21,22,23,24,25,26,27,28,29,30,31,32,33,34,35,36,37,38,39
69444.47,2.4067,69444.46,1.85554,69444.48,0.00032,69444.45,0.00195,69444.62,8e-05,69443.77,8e-05,69444.99,8e-05,69443.76,0.00592,69445.05,0.00021,69443.75,0.0788,69445.11,8e-05,69443.74,0.13041,69445.14,0.00308,69443.66,0.0016,69445.15,0.12555,69443.17,8e-05,69445.16,0.0014,69442.71,8e-05,69445.24,8e-05,69442.7,0.00016
69444.47,2.40662,69444.46,1.84697,69444.48,0.00032,69444.45,0.00195,69444.62,8e-05,69443.77,8e-05,69444.99,8e-05,69443.76,0.00592,69445.05,0.00021,69443.75,0.0788,69445.11,8e-05,69443.74,0.13041,69445.14,0.00308,69443.66,0.0016,69445.15,0.12555,69443.17,8e-05,69445.16,0.0014,69442.71,8e-05,69445.24,8e-05,69442.7,0.00016
69444.47,2.40662,69444.46,1.85358,69444.48,0.00032,69444.45,0.00195,69444.62,8e-05,69443.77,8e-05,69444.99,8e-05,69443.76,0.00592,69445.05,0.00021,69443.75,0.0788,69445.11,8e-05,69443.74,0.13041,69445.14,0.00308,69443.66,0.0016,69445.15,0.12555,69443.17,8e-05,69445.16,0.0014,69442.71,8e-05,69445.24,8e-05,69442.7,0.00016
69444.47,2.40662,69444.46,1.85358,69444.48,0.00032,69444.45,0.00195,69444.62,8e-05,69443.77,8e-05,69444.99,8e-05,69443.76,0.00592,69445.05,0.00021,69443.75,0.0788,69445.11,8e-05,69443.74,0.13041,69445.14,0.00308,69443.66,0.0016,69445.15,0.12555,69443.17,8e-05,69445.16,0.0014,69442.71,8e-05,69445.24,8e-05,69442.7,0.00016
69444.47,2.21696,69444.46,1.93951,69444.48,0.00032,69444.45,0.00195,69444.62,8e-05,69443.77,8e-05,69444.99,8e-05,69443.76,0.00592,69445.05,0.00021,69443.75,0.0788,69445.11,8e-05,69443.74,0.13041,69445.14,0.00308,69443.66,0.0016,69445.15,0.12555,69443.17,8e-05,69445.16,0.0014,69442.71,8e-05,69445.24,8e-05,69442.7,0.00016
69444.47,2.21696,69444.46,1.93951,69444.48,0.00032,69444.45,0.00195,69444.62,8e-05,69443.77,8e-05,69444.99,8e-05,69443.76,0.00592,69445.05,0.00021,69443.75,0.0788,69445.11,8e-05,69443.74,0.13041,69445.14,0.00308,69443.66,0.0016,69445.15,0.12555,69443.17,8e-05,69445.16,0.0014,69442.71,8e-05,69445.24,8e-05,69442.7,0.00016
69444.47,2.21696,69444.46,1.85336,69444.48,0.00032,69444.45,0.00195,69444.62,8e-05,69443.77,8e-05,69444.99,8e-05,69443.76,0.00592,69445.05,0.00021,69443.75,0.0788,69445.11,8e-05,69443.74,0.13041,69445.14,0.00308,69443.66,0.0016,69445.15,0.12555,69443.17,8e-05,69445.16,0.0014,69442.71,8e-05,69445.24,8e-05,69442.7,0.00016
69444.47,2.21503,69444.46,1.85325,69444.48,0.00032,69444.45,0.00195,69444.62,8e-05,69443.77,8e-05,69444.99,8e-05,69443.76,0.00592,69445.05,0.00021,69443.75,0.0788,69445.11,8e-05,69443.74,0.13041,69445.14,0.00308,69443.66,0.0016,69445.15,0.12555,69443.17,8e-05,69445.16,0.0014,69442.71,8e-05,69445.24,8e-05,69442.7,0.00016
69444.47,2.21367,69444.46,1.85325,69444.48,0.00032,69444.45,0.00195,69444.62,8e-05,69443.77,8e-05,69444.99,8e-05,69443.76,0.00592,69445.05,0.00021,69443.75,0.0788,69445.11,8e-05,69443.74,0.13041,69445.14,0.00308,69443.66,0.0016,69445.15,0.12555,69443.17,8e-05,69445.16,0.0014,69442.71,8e-05,69445.24,8e-05,69442.7,0.00016
69444.47,2.21319,69444.46,2.21851,69444.48,0.00032,69444.45,0.00195,69444.62,8e-05,69443.77,8e-05,69444.99,8e-05,69443.76,0.00592,69445.05,0.00021,69443.75,0.0788,69445.11,8e-05,69443.74,0.13041,69445.14,0.00308,69443.66,0.0016,69445.15,0.12555,69443.17,8e-05,69445.16,0.0014,69442.71,8e-05,69445.24,8e-05,69442.7,0.00016
69444.47,2.21139,69444.46,2.1229,69444.48,0.00032,69444.45,0.00195,69444.62,8e-05,69443.77,8e-05,69444.99,8e-05,69443.76,0.00592,69445.05,0.00021,69443.75,0.0788,69445.11,8e-05,69443.74,0.13041,69445.14,0.00308,69443.66,0.0016,69445.15,0.12555,69443.17,8e-05,69445.16,0.0014,69442.71,8e-05,69445.24,8e-05,69442.7,0.00016
69444.47,2.21107,69444.46,2.1229,69444.48,0.00032,69444.45,0.00195,69444.62,8e-05,69443.77,8e-05,69444.99,8e-05,69443.76,0.00592,69445.05,0.00021,69443.75,0.0788,69445.11,8e-05,69443.74,0.13041,69445.14,0.00308,69443.66,0.0016,69445.15,0.12555,69443.17,8e-05,69445.16,0.0014,69442.71,8e-05,69445.24,8e-05,69442.7,0.00016
69444.47,1.97647,69444.46,2.34098,69444.48,0.00032,69444.45,0.00187,69444.62,8e-05,69443.77,8e-05,69444.99,8e-05,69443.76,8e-05,69445.05,0.00021,69443.75,0.0788,69445.11,8e-05,69443.74,0.12465,69445.14,8e-05,69443.66,0.0016,69445.15,0.12555,69443.4,0.003,69445.16,0.0014,69443.17,8e-05,69445.24,8e-05,69442.71,8e-05
69444.47,2.11623,69444.46,2.34098,69444.48,0.0004,69444.45,0.00187,69444.62,8e-05,69443.77,8e-05,69444.99,8e-05,69443.76,8e-05,69445.05,0.00021,69443.75,0.0788,69445.11,8e-05,69443.74,0.12465,69445.14,8e-05,69443.66,0.0016,69445.15,0.12555,69443.4,0.003,69445.16,0.0014,69443.17,8e-05,69445.24,8e-05,69442.71,8e-05
69444.47,2.11623,69444.46,2.34085,69444.48,0.0004,69444.45,0.00187,69444.62,8e-05,69443.77,8e-05,69444.99,8e-05,69443.76,8e-05,69445.05,0.00021,69443.75,0.0788,69445.11,8e-05,69443.74,0.12465,69445.14,8e-05,69443.66,0.0016,69445.15,0.12555,69443.4,0.003,69445.16,0.0014,69443.17,8e-05,69445.24,8e-05,69442.71,8e-05
69444.47,2.14645,69444.46,2.33689,69444.48,0.00048,69444.45,0.00187,69444.62,8e-05,69443.77,8e-05,69444.99,8e-05,69443.76,8e-05,69445.05,0.00021,69443.75,0.0788,69445.11,8e-05,69443.74,0.12465,69445.14,8e-05,69443.66,0.0016,69445.15,0.12555,69443.4,0.003,69445.16,0.0014,69443.17,8e-05,69445.24,8e-05,69442.71,8e-05
69444.47,1.97251,69444.46,2.33667,69444.48,0.00048,69444.45,0.00187,69444.62,8e-05,69443.77,8e-05,69444.99,8e-05,69443.76,8e-05,69445.05,0.00021,69443.75,0.0788,69445.11,8e-05,69443.74,0.12465,69445.14,8e-05,69443.66,0.0016,69445.15,0.12555,69443.4,0.003,69445.16,0.0014,69443.17,8e-05,69445.24,8e-05,69442.71,8e-05
69444.47,1.97237,69444.46,2.33668,69444.48,0.0004,69444.45,0.00187,69444.62,8e-05,69443.77,8e-05,69444.99,8e-05,69443.76,8e-05,69445.05,0.00021,69443.75,0.0788,69445.11,8e-05,69443.74,0.12465,69445.14,8e-05,69443.67,0.00235,69445.15,0.12555,69443.4,0.003,69445.16,0.0014,69443.17,8e-05,69445.24,8e-05,69442.71,8e-05
69444.47,1.97237,69444.46,2.33588,69444.48,0.0004,69444.45,0.00187,69444.62,8e-05,69443.77,8e-05,69444.99,8e-05,69443.76,8e-05,69445.05,0.00021,69443.75,0.0788,69445.11,8e-05,69443.74,0.12465,69445.14,8e-05,69443.67,0.00235,69445.15,0.12555,69443.4,0.003,69445.16,0.0014,69443.17,8e-05,69445.24,8e-05,69442.71,8e-05
69444.47,1.97229,69444.46,2.33572,69444.48,0.00032,69444.45,0.00187,69444.62,8e-05,69443.77,8e-05,69444.99,8e-05,69443.76,8e-05,69445.05,0.00021,69443.75,0.04191,69445.11,8e-05,69443.67,0.00235,69445.14,8e-05,69443.4,0.003,69445.15,0.12555,69443.17,8e-05,69445.16,0.0014,69442.71,8e-05,69445.24,8e-05,69442.7,0.00016
69444.47,0.57731,69444.46,2.51012,69444.48,0.00056,69444.45,0.00155,69444.62,8e-05,69444.33,0.01431,69444.99,8e-05,69443.75,0.16157,69445.11,8e-05,69443.67,0.00235,69445.14,0.00016,69443.57,0.14433,69445.15,0.12555,69443.4,0.003,69445.16,0.0014,69443.36,0.14425,69445.24,8e-05,69443.17,8e-05,69445.25,0.00377,69442.7,8e-05
69453.78,0.43786,69453.77,4.34319,69453.79,0.0004,69453.76,0.00016,69454.0,0.0012,69453.3,0.00777,69454.79,0.003,69452.87,0.02016,69454.96,8e-05,69452.75,8e-05,69455.0,0.00128,69452.1,0.003,69455.26,0.00018,69450.36,0.003,69455.88,0.00011,69450.11,0.0003,69456.0,0.0012,69449.82,0.00808,69456.17,0.00041,69449.61,0.00864
69453.78,0.43834,69453.77,4.37577,69453.79,0.00064,69453.76,0.00016,69454.0,0.0012,69453.3,0.00793,69454.79,0.003,69452.75,8e-05,69454.96,8e-05,69452.1,0.003,69455.0,0.00128,69450.36,0.003,69455.26,0.00018,69450.11,0.0003,69455.88,0.00011,69449.82,0.00824,69456.0,0.0012,69449.62,0.00916,69456.17,0.00041,69449.61,0.0088
69461.3,1.4151,69461.29,3.48185,69461.31,0.0004,69461.28,0.00016,69461.39,8e-05,69460.8,0.003,69461.4,0.00502,69460.13,0.03557,69461.56,8e-05,69460.12,0.01469,69462.0,0.0012,69459.81,8e-05,69462.34,0.00015,69459.15,0.11828,69462.48,8e-05,69459.06,0.003,69462.49,0.00016,69457.32,0.003,69462.5,0.00021,69457.24,0.0003
69461.3,1.41518,69461.29,3.48549,69461.31,0.0004,69461.28,0.00016,69461.39,8e-05,69460.8,0.003,69461.4,0.00502,69460.52,8e-05,69461.56,8e-05,69460.13,0.03557,69462.0,0.0012,69460.12,0.01485,69462.34,0.00015,69459.81,8e-05,69462.48,0.00259,69459.15,0.11828,69462.49,0.00016,69459.06,0.003,69462.5,0.00021,69458.92,8e-05
69461.3,1.4155,69461.29,3.48338,69461.31,0.00056,69461.28,0.00016,69461.39,8e-05,69460.8,0.003,69461.4,0.00502,69460.52,8e-05,69461.56,8e-05,69460.13,0.03557,69462.0,0.0012,69460.12,0.01485,69462.34,0.00015,69459.81,8e-05,69462.48,0.00259,69459.15,0.11828,69462.49,0.00016,69459.06,0.003,69462.5,0.00021,69458.92,8e-05
69461.3,2.22858,69461.29,3.13788,69461.31,0.00056,69461.28,0.00016,69461.39,8e-05,69460.8,0.003,69461.4,0.00502,69460.52,8e-05,69461.56,8e-05,69460.24,0.00235,69461.58,0.13601,69460.13,0.03557,69462.0,0.0012,69460.12,0.01485,69462.34,0.00015,69459.83,8e-05,69462.48,0.00259,69459.81,8e-05,69462.49,0.00016,69459.15,0.11828
69461.3,3.57872,69461.29,0.03388,69461.4,0.00502,69461.28,0.00016,69461.56,8e-05,69460.52,8e-05,69461.57,0.05386,69460.24,0.00235,69461.58,0.13609,69460.14,8e-05,69462.0,0.0012,69460.13,8e-05,69462.22,0.05303,69460.12,0.01485,69462.27,0.00021,69459.83,8e-05,69462.34,0.00015,69459.81,8e-05,69462.48,0.00251,69459.05,8e-05
69456.43,5.70779,69456.42,0.77984,69457.32,0.003,69456.41,0.00016,69457.74,8e-05,69456.28,8e-05,69459.06,0.003,69455.26,8e-05,69459.81,8e-05,69454.94,0.00029,69459.82,0.25465,69454.31,8e-05,69459.84,8e-05,69454.0,8e-05,69460.23,0.35378,69453.99,8e-05,69460.24,0.04021,69453.81,8e-05,69460.25,0.02038,69453.8,8e-05
69456.43,5.70779,69456.42,0.78,69457.32,0.003,69456.41,0.00032,69457.74,8e-05,69456.28,8e-05,69459.06,0.003,69455.26,8e-05,69459.81,8e-05,69454.94,0.00029,69459.82,0.25465,69454.31,8e-05,69459.84,8e-05,69454.0,8e-05,69460.23,0.35378,69453.99,8e-05,69460.24,0.04021,69453.81,8e-05,69460.25,0.02038,69453.8,8e-05
69456.43,5.70788,69456.42,0.77564,69457.32,0.003,69456.41,0.00032,69457.74,8e-05,69456.28,8e-05,69459.06,0.003,69455.26,8e-05,69459.81,8e-05,69454.94,0.00029,69459.82,0.25465,69454.31,8e-05,69459.84,8e-05,69454.0,8e-05,69460.23,0.35378,69453.99,8e-05,69460.24,0.04021,69453.81,8e-05,69460.25,0.02038,69453.8,8e-05
69456.43,5.70788,69456.42,0.77561,69457.32,0.003,69456.41,0.00032,69457.74,8e-05,69456.28,8e-05,69459.06,0.003,69455.26,8e-05,69459.81,8e-05,69454.94,0.00029,69459.82,0.25465,69454.31,8e-05,69459.84,8e-05,69454.0,8e-05,69460.23,0.35378,69453.99,8e-05,69460.24,0.04021,69453.81,8e-05,69460.25,0.02038,69453.8,8e-05
69456.43,5.70788,69456.42,0.78197,69457.32,0.003,69456.41,0.00032,69457.74,8e-05,69456.28,8e-05,69458.09,0.0144,69455.26,8e-05,69459.05,0.0072,69454.94,0.00029,69459.06,0.003,69454.31,8e-05,69459.81,8e-05,69454.0,8e-05,69459.82,0.25465,69453.99,8e-05,69459.84,8e-05,69453.81,8e-05,69460.23,0.35378,69453.8,8e-05
69456.43,5.65004,69456.42,0.78491,69457.32,0.003,69456.41,0.00032,69457.74,8e-05,69456.28,8e-05,69458.09,0.0144,69455.26,8e-05,69458.43,8e-05,69454.94,0.00029,69459.05,0.0072,69454.31,8e-05,69459.06,0.003,69454.0,8e-05,69459.81,8e-05,69453.99,8e-05,69459.82,0.25465,69453.81,8e-05,69459.84,8e-05,69453.8,8e-05
69456.43,5.64245,69456.42,0.75605,69457.31,0.0072,69456.41,0.00032,69457.32,0.003,69456.28,8e-05,69457.74,8e-05,69455.26,8e-05,69458.09,0.0144,69454.94,0.00029,69458.43,8e-05,69454.31,8e-05,69459.05,0.0072,69454.0,8e-05,69459.06,0.003,69453.99,8e-05,69459.81,8e-05,69453.81,8e-05,69459.82,0.25465,69453.8,8e-05
69456.43,5.64974,69456.42,0.75557,69457.32,0.003,69456.41,0.00032,69457.74,8e-05,69456.28,8e-05,69458.09,0.0144,69455.26,8e-05,69458.43,8e-05,69454.94,0.00029,69459.05,0.0072,69454.31,8e-05,69459.06,0.003,69454.0,8e-05,69459.81,8e-05,69453.99,8e-05,69459.82,0.25465,69453.81,8e-05,69459.84,8e-05,69453.8,8e-05
69456.43,5.64965,69456.42,0.75597,69457.32,0.003,69456.41,0.00024,69457.74,8e-05,69456.28,8e-05,69458.09,0.0144,69455.26,8e-05,69458.43,8e-05,69454.94,0.00029,69459.05,0.0072,69454.31,8e-05,69459.06,0.003,69454.0,8e-05,69459.81,8e-05,69453.99,8e-05,69459.82,0.25465,69453.81,8e-05,69459.84,8e-05,69453.8,8e-05
69456.43,5.64965,69456.42,0.75597,69457.32,0.003,69456.41,0.00024,69457.74,8e-05,69456.28,8e-05,69458.36,0.0144,69455.26,8e-05,69458.43,8e-05,69454.94,0.00029,69459.05,0.0072,69454.31,8e-05,69459.06,0.003,69454.0,8e-05,69459.81,8e-05,69453.99,8e-05,69459.82,0.25465,69453.81,8e-05,69459.84,8e-05,69453.8,8e-05
69456.43,5.64965,69456.42,0.76284,69457.32,0.003,69456.41,0.00024,69457.74,8e-05,69456.28,8e-05,69458.36,0.0144,69455.26,8e-05,69458.43,8e-05,69454.94,0.00029,69459.04,0.0072,69454.31,8e-05,69459.06,0.003,69454.25,8e-05,69459.81,8e-05,69454.24,8e-05,69459.82,0.25465,69454.23,0.00016,69459.84,8e-05,69454.0,8e-05
69456.43,5.64965,69456.42,0.763,69457.32,0.003,69456.41,0.00024,69457.74,8e-05,69456.28,8e-05,69458.43,8e-05,69455.26,8e-05,69459.04,0.0072,69454.94,0.00029,69459.06,0.003,69454.31,8e-05,69459.81,8e-05,69454.0,8e-05,69459.82,0.25465,69453.99,8e-05,69459.84,8e-05,69453.81,8e-05,69460.23,0.35378,69453.79,8e-05
69456.43,5.64965,69456.42,0.76414,69457.32,0.003,69456.41,0.00024,69457.74,8e-05,69456.28,8e-05,69459.04,0.0072,69455.26,8e-05,69459.06,0.003,69454.94,0.00029,69459.81,8e-05,69454.31,8e-05,69459.82,0.25465,69454.0,8e-05,69459.84,8e-05,69453.99,8e-05,69460.23,0.35378,69453.81,8e-05,69460.24,0.04021,69453.79,8e-05
69456.43,5.64965,69456.42,0.76461,69457.32,0.003,69456.41,0.00024,69457.74,8e-05,69456.28,8e-05,69459.04,0.0072,69455.26,8e-05,69459.06,0.003,69454.94,0.00029,69459.81,8e-05,69454.31,8e-05,69459.82,0.25465,69454.0,8e-05,69459.84,8e-05,69453.99,8e-05,69460.23,0.35378,69453.81,8e-05,69460.24,0.04021,69453.79,8e-05
69456.43,5.64965,69456.42,0.76461,69457.32,0.003,69456.41,0.00024,69457.74,8e-05,69456.28,8e-05,69459.04,0.0072,69455.26,8e-05,69459.06,0.003,69454.94,0.00029,69459.81,8e-05,69454.31,8e-05,69459.82,0.25465,69454.0,8e-05,69459.84,8e-05,69453.99,8e-05,69460.23,0.35378,69453.81,8e-05,69460.24,0.04021,69453.79,8e-05
69456.43,4.25873,69456.42,2.18458,69456.44,8e-05,69456.41,0.00032,69457.32,0.003,69456.28,8e-05,69457.74,8e-05,69455.52,0.08498,69458.55,0.0144,69455.51,0.13041,69459.06,0.003,69455.47,0.00592,69459.81,8e-05,69455.26,8e-05,69459.82,0.25465,69454.97,8e-05,69459.84,8e-05,69454.94,0.00029,69460.22,0.0072,69454.31,8e-05
69456.43,4.09454,69456.42,1.82524,69456.44,8e-05,69456.41,0.00032,69457.32,0.003,69456.28,8e-05,69457.74,8e-05,69455.52,0.08498,69458.55,0.0144,69455.51,0.13041,69459.06,0.003,69455.47,0.00592,69459.81,8e-05,69455.26,8e-05,69459.82,0.25465,69454.97,8e-05,69459.84,8e-05,69454.94,0.00029,69460.22,0.0072,69454.31,8e-05
69456.43,4.09454,69456.42,1.82496,69456.44,8e-05,69456.41,0.00032,69457.32,0.003,69456.28,8e-05,69457.74,8e-05,69455.52,0.08498,69458.55,0.0144,69455.51,0.13041,69459.06,0.003,69455.47,0.00592,69459.81,8e-05,69455.26,8e-05,69459.82,0.25465,69454.97,8e-05,69459.84,8e-05,69454.94,0.00029,69460.22,0.0072,69454.31,8e-05
69456.43,4.09287,69456.42,1.82496,69456.44,8e-05,69456.41,0.00032,69457.32,0.003,69456.28,8e-05,69457.74,8e-05,69455.52,0.08498,69458.55,0.0144,69455.51,0.13041,69459.06,0.003,69455.47,0.00592,69459.81,8e-05,69455.26,8e-05,69459.82,0.25465,69454.97,8e-05,69459.84,8e-05,69454.94,0.00029,69460.22,0.0072,69454.31,0.00092
69456.43,4.09287,69456.42,1.82498,69456.44,8e-05,69456.41,0.00032,69457.32,0.003,69456.28,8e-05,69457.74,8e-05,69455.52,0.08498,69458.55,0.0144,69455.51,0.13041,69459.06,0.003,69455.47,0.00592,69459.81,8e-05,69455.26,8e-05,69459.82,0.25465,69454.97,8e-05,69459.84,8e-05,69454.94,0.00029,69460.22,0.0072,69454.31,0.00092
69456.43,4.09114,69456.42,1.82792,69456.44,8e-05,69456.41,0.00032,69457.32,0.003,69456.28,8e-05,69457.74,8e-05,69455.52,0.08498,69458.55,0.0144,69455.51,0.13041,69459.06,0.003,69455.47,0.00592,69459.81,8e-05,69455.26,8e-05,69459.82,0.25465,69454.97,8e-05,69459.84,8e-05,69454.94,0.00029,69460.22,0.0072,69454.31,0.00092
69456.43,2.99544,69456.42,0.81304,69457.32,0.003,69456.41,0.00032,69457.74,8e-05,69456.28,8e-05,69459.05,0.0072,69455.53,8e-05,69459.06,0.003,69455.52,0.00024,69459.65,0.00144,69455.51,0.00016,69459.81,8e-05,69455.47,0.00016,69459.82,0.25465,69455.26,8e-05,69460.24,0.00021,69454.97,8e-05,69460.25,0.00038,69454.94,0.00029
69456.43,3.72727,69456.42,0.50752,69457.32,0.003,69456.41,0.00056,69457.35,0.01454,69456.28,8e-05,69457.74,8e-05,69455.26,8e-05,69458.69,0.0081,69454.31,0.00067,69459.06,0.003,69453.99,8e-05,69459.18,0.02,69453.81,8e-05,69459.35,0.05295,69453.78,8e-05,69459.81,0.35764,69453.77,0.05177,69459.82,0.25457,69453.7,8e-05
69456.43,3.72727,69456.42,0.5076,69457.32,0.003,69456.41,0.00056,69457.35,0.01454,69456.28,8e-05,69457.74,8e-05,69455.26,8e-05,69458.69,0.0081,69454.31,0.00067,69459.06,0.003,69453.99,8e-05,69459.18,0.02,69453.81,8e-05,69459.35,0.05295,69453.78,8e-05,69459.81,0.35764,69453.77,0.05177,69459.82,0.25465,69453.7,8e-05
69456.43,3.71,69456.42,0.83567,69457.32,0.003,69456.41,0.00064,69457.74,8e-05,69456.28,8e-05,69458.68,0.0072,69455.26,8e-05,69459.06,0.003,69454.74,0.07624,69459.17,0.0072,69454.73,0.13617,69459.18,0.02,69454.31,0.00067,69459.35,0.05295,69453.99,8e-05,69459.81,0.35764,69453.81,8e-05,69459.82,0.25465,69453.79,8e-05
69456.43,3.71,69456.42,0.84043,69457.32,0.003,69456.41,0.00064,69457.74,8e-05,69456.28,8e-05,69458.68,0.0072,69455.26,8e-05,69459.06,0.003,69454.74,0.07624,69459.17,0.0072,69454.73,0.13617,69459.18,0.02,69454.31,0.00067,69459.35,0.05295,69453.99,8e-05,69459.81,0.35764,69453.81,8e-05,69459.82,0.25465,69453.79,8e-05
69456.43,3.7244,69456.42,0.84408,69457.32,0.003,69456.41,0.00064,69457.74,8e-05,69456.28,8e-05,69458.68,0.0072,69455.26,8e-05,69459.06,0.003,69454.74,0.07624,69459.17,0.0072,69454.73,0.13617,69459.18,0.02,69454.31,0.00067,69459.35,0.05295,69453.99,8e-05,69459.81,0.35764,69453.81,8e-05,69459.82,0.25465,69453.79,8e-05
69456.43,3.72396,69456.42,0.84377,69457.32,0.003,69456.41,0.00072,69457.74,8e-05,69456.28,8e-05,69458.68,0.0072,69455.84,0.01168,69459.06,0.003,69455.66,8e-05,69459.17,0.0072,69455.26,8e-05,69459.18,0.02,69454.74,0.07624,69459.35,0.05295,69454.73,0.12465,69459.81,0.35764,69454.31,0.00067,69459.82,0.25465,69453.99,8e-05
69456.43,3.72396,69456.42,0.84377,69457.32,0.003,69456.41,0.00072,69457.74,8e-05,69456.28,8e-05,69458.68,0.0072,69455.84,0.01168,69459.06,0.003,69455.66,8e-05,69459.17,0.0072,69455.26,8e-05,69459.18,0.02,69454.74,0.07624,69459.35,0.05295,69454.73,0.12465,69459.81,0.35764,69454.31,0.00067,69459.82,0.25465,69453.99,8e-05
69456.43,3.72412,69456.42,0.84377,69456.44,8e-05,69456.41,0.00072,69457.32,0.003,69456.28,8e-05,69457.74,8e-05,69455.84,0.01168,69458.68,0.0072,69455.66,8e-05,69459.06,0.003,69455.26,8e-05,69459.17,0.0072,69454.74,0.07624,69459.18,0.02,69454.73,0.12465,69459.35,0.05295,69454.31,8e-05,69459.81,0.35764,69453.99,8e-05
69456.43,3.70871,69456.42,0.84377,69456.44,0.00016,69456.41,0.00072,69456.92,0.0144,69456.28,8e-05,69457.32,0.003,69455.84,0.01168,69457.74,8e-05,69455.66,8e-05,69458.68,0.0072,69455.26,8e-05,69459.06,0.003,69454.74,0.07624,69459.17,0.0072,69454.73,0.12465,69459.18,0.02,69454.31,8e-05,69459.35,0.05295,69453.99,8e-05
69456.43,3.70888,69456.42,0.96874,69456.44,0.00016,69456.41,0.00072,69457.32,0.003,69456.28,8e-05,69457.74,8e-05,69455.84,0.01168,69458.68,0.0072,69455.66,8e-05,69459.06,0.003,69455.26,8e-05,69459.17,0.0072,69454.74,0.07624,69459.18,0.02,69454.73,0.12465,69459.35,0.05295,69454.31,8e-05,69459.81,0.35764,69453.99,8e-05
69456.43,3.7547,69456.42,0.96874,69456.44,8e-05,69456.41,0.00072,69457.32,0.003,69456.28,8e-05,69457.74,8e-05,69455.84,0.01168,69458.68,0.0072,69455.66,8e-05,69459.06,0.003,69455.26,8e-05,69459.17,0.0072,69454.74,0.07624,69459.18,0.02,69454.73,0.12465,69459.35,0.05295,69454.31,8e-05,69459.81,0.35764,69453.99,8e-05
69456.43,3.7542,69456.42,0.96874,69456.44,8e-05,69456.41,0.00072,69457.32,0.003,69456.28,8e-05,69457.74,8e-05,69455.84,0.01168,69458.68,0.0072,69455.66,8e-05,69459.06,0.003,69455.26,8e-05,69459.17,0.0072,69454.74,0.07624,69459.18,0.02,69454.73,0.12465,69459.35,0.05295,69454.31,8e-05,69459.81,0.35764,69453.99,8e-05
69456.43,3.75175,69456.42,0.96741,69456.44,8e-05,69456.41,0.00072,69457.32,0.003,69456.28,8e-05,69457.74,8e-05,69455.84,0.01168,69458.54,0.0144,69455.66,8e-05,69458.68,0.0072,69455.26,8e-05,69459.06,0.003,69454.74,0.07624,69459.17,0.0072,69454.73,0.12465,69459.18,0.02,69454.31,8e-05,69459.35,0.05295,69453.99,8e-05
69456.43,3.75175,69456.42,0.96741,69456.44,8e-05,69456.41,0.00072,69457.32,0.003,69456.28,8e-05,69457.74,8e-05,69455.84,0.01168,69458.54,0.0144,69455.66,8e-05,69458.68,0.0072,69455.26,8e-05,69459.06,0.003,69454.74,0.07624,69459.17,0.0072,69454.73,0.12465,69459.18,0.02,69454.31,8e-05,69459.35,0.05295,69453.99,8e-05
69456.43,3.75191,69456.42,1.05777,69456.44,0.00024,69456.41,0.00064,69457.32,0.003,69456.28,8e-05,69457.74,8e-05,69455.85,8e-05,69458.54,0.0144,69455.84,0.01168,69458.68,0.0072,69455.66,8e-05,69459.06,0.003,69455.26,8e-05,69459.17,0.0072,69454.74,0.07624,69459.18,0.02,69454.73,0.12465,69459.35,0.05295,69454.31,8e-05
69456.43,3.75191,69456.42,1.01725,69456.44,0.00024,69456.41,0.00064,69457.32,0.003,69456.28,8e-05,69457.74,8e-05,69455.85,8e-05,69458.54,0.0144,69455.84,0.01168,69458.68,0.0072,69455.66,8e-05,69459.06,0.003,69455.26,8e-05,69459.17,0.0072,69454.74,0.07624,69459.18,0.02,69454.73,0.12465,69459.31,0.01079,69454.31,8e-05
69456.43,3.75191,69456.42,1.01717,69456.44,0.00024,69456.41,0.00056,69457.32,0.003,69456.28,8e-05,69457.74,8e-05,69455.85,8e-05,69458.54,0.0144,69455.84,0.01168,69458.68,0.0072,69455.66,8e-05,69459.06,0.003,69455.26,8e-05,69459.17,0.0072,69454.74,0.07624,69459.18,0.02,69454.73,0.12465,69459.31,0.01079,69454.31,8e-05
69456.43,3.32222,69456.42,1.05817,69456.44,0.00024,69456.41,0.00056,69457.32,0.003,69456.28,8e-05,69457.74,8e-05,69455.85,8e-05,69458.54,0.0144,69455.84,0.01168,69458.68,0.0072,69455.66,8e-05,69459.06,0.003,69455.26,8e-05,69459.17,0.0072,69454.74,0.07624,69459.18,0.02,69454.73,0.12465,69459.31,0.01079,69454.31,8e-05
69456.43,3.32222,69456.42,1.05817,69456.44,0.00024,69456.41,0.00056,69457.32,0.003,69456.28,8e-05,69457.74,8e-05,69455.85,8e-05,69458.54,0.0144,69455.84,0.01168,69458.68,0.0072,69455.66,8e-05,69459.06,0.003,69455.26,8e-05,69459.17,0.0072,69454.74,0.07624,69459.18,0.02,69454.73,0.12465,69459.31,0.01079,69454.31,8e-05
69456.43,3.32222,69456.42,1.057,69456.44,0.00024,69456.41,0.00056,69457.32,0.003,69456.28,8e-05,69457.74,8e-05,69455.85,8e-05,69458.54,0.0144,69455.84,0.01168,69458.68,0.0072,69455.66,8e-05,69459.06,0.003,69455.26,8e-05,69459.17,0.0072,69454.74,0.07624,69459.18,0.02,69454.73,0.12465,69459.31,0.01079,69454.31,8e-05
69456.43,3.32222,69456.42,1.05978,69456.44,0.00024,69456.41,0.00056,69457.32,0.003,69456.28,8e-05,69457.74,8e-05,69455.85,8e-05,69458.54,0.0144,69455.84,0.01168,69458.68,0.0072,69455.66,8e-05,69459.06,0.003,69455.26,8e-05,69459.17,0.0072,69454.74,0.07624,69459.18,0.02,69454.73,0.12465,69459.31,0.01079,69454.31,8e-05
69456.43,3.10832,69456.42,2.80263,69456.44,0.00024,69456.41,0.00032,69458.54,0.0144,69456.28,8e-05,69459.06,0.003,69455.85,8e-05,69459.31,0.01079,69455.84,0.01168,69459.35,8e-05,69455.66,8e-05,69459.81,0.35764,69455.26,8e-05,69459.82,0.25457,69454.74,0.02229,69460.24,0.00021,69454.31,8e-05,69460.25,0.00038,69453.99,8e-05
69456.43,3.10832,69456.42,2.80263,69456.44,0.00024,69456.41,0.00032,69458.54,0.0144,69456.28,8e-05,69459.06,0.003,69455.85,8e-05,69459.31,0.01079,69455.84,0.01168,69459.35,8e-05,69455.66,8e-05,69459.81,0.35764,69455.26,8e-05,69459.82,0.25457,69454.74,0.02229,69460.24,0.00021,69454.31,8e-05,69460.25,0.00038,69453.99,8e-05
69456.43,2.99383,69456.42,2.80309,69456.44,0.00024,69456.41,0.00032,69458.54,0.0144,69456.28,8e-05,69458.91,8e-05,69455.85,8e-05,69459.06,0.003,69455.84,0.01168,69459.31,0.01079,69455.66,8e-05,69459.35,8e-05,69455.26,8e-05,69459.81,0.35764,69454.74,0.02229,69459.82,0.25457,69454.31,8e-05,69460.24,0.00021,69453.99,8e-05
69456.43,2.99383,69456.42,2.80309,69456.44,0.00024,69456.41,0.00032,69458.54,0.0144,69456.28,8e-05,69458.91,8e-05,69455.85,8e-05,69459.06,0.003,69455.84,0.01168,69459.31,0.01079,69455.66,8e-05,69459.35,8e-05,69455.26,8e-05,69459.81,0.35764,69454.74,0.02229,69459.82,0.25457,69454.31,8e-05,69460.24,0.00021,69453.99,8e-05
69456.43,2.99367,69456.42,2.80309,69456.44,0.00024,69456.41,0.00032,69458.54,0.0144,69456.28,8e-05,69458.91,8e-05,69455.85,8e-05,69459.06,0.003,69455.84,0.01168,69459.31,0.01079,69455.66,8e-05,69459.35,8e-05,69455.26,8e-05,69459.81,0.35764,69454.74,0.02229,69459.82,0.25457,69454.31,8e-05,69460.24,0.00021,69453.99,8e-05
69456.43,3.10714,69456.42,2.21952,69456.44,0.00024,69456.41,0.00032,69458.54,0.0144,69456.28,8e-05,69458.91,8e-05,69455.85,8e-05,69459.06,0.003,69455.84,0.01168,69459.31,0.01079,69455.66,8e-05,69459.35,8e-05,69455.26,8e-05,69459.81,0.35764,69454.74,0.02229,69459.82,0.25457,69454.31,8e-05,69460.24,0.00021,69453.99,8e-05
69456.43,3.17824,69456.42,2.21881,69456.44,0.00024,69456.41,0.00032,69458.54,0.0144,69456.28,8e-05,69458.91,8e-05,69455.85,8e-05,69459.06,0.003,69455.84,0.01168,69459.31,0.01079,69455.66,8e-05,69459.35,8e-05,69455.26,8e-05,69459.81,0.35764,69454.74,0.02229,69459.82,0.25457,69454.31,8e-05,69460.24,0.00021,69453.99,8e-05
69456.43,3.12713,69456.42,2.21897,69456.44,0.00024,69456.41,0.00048,69458.54,0.0144,69456.28,8e-05,69458.91,8e-05,69455.85,8e-05,69459.06,0.003,69455.84,0.01168,69459.31,0.01079,69455.66,8e-05,69459.35,8e-05,69455.26,8e-05,69459.81,0.35764,69454.74,0.02229,69459.82,0.25457,69454.31,8e-05,69460.24,0.00021,69453.99,8e-05
69456.43,3.12713,69456.42,2.21645,69456.44,0.00024,69456.41,0.00048,69458.54,0.0144,69456.28,8e-05,69458.91,8e-05,69455.85,8e-05,69459.06,0.003,69455.84,0.01168,69459.31,0.01079,69455.66,8e-05,69459.35,8e-05,69455.26,8e-05,69459.81,0.35764,69454.74,0.02229,69459.82,0.25457,69454.31,8e-05,69460.24,0.00021,69453.99,8e-05
69456.43,3.12713,69456.42,2.24801,69456.44,0.00024,69456.41,0.00048,69458.54,0.0144,69456.28,8e-05,69458.91,8e-05,69455.85,8e-05,69459.06,0.003,69455.84,0.01168,69459.31,0.01079,69455.66,8e-05,69459.35,8e-05,69455.26,8e-05,69459.81,0.35764,69454.74,0.02229,69459.82,0.25457,69454.31,8e-05,69460.24,0.00021,69453.99,8e-05
69456.43,3.12713,69456.42,2.21232,69456.44,0.00024,69456.41,0.00048,69458.54,0.0144,69456.28,8e-05,69458.91,8e-05,69455.85,8e-05,69459.06,0.003,69455.84,0.01168,69459.31,0.01079,69455.66,8e-05,69459.35,8e-05,69455.26,8e-05,69459.81,0.35764,69454.74,0.02229,69459.82,0.25457,69454.31,8e-05,69460.24,0.00021,69453.99,8e-05
69456.43,3.13112,69456.42,2.20882,69456.44,0.00024,69456.41,0.00048,69458.54,0.0144,69456.28,8e-05,69458.91,8e-05,69455.85,8e-05,69459.06,0.003,69455.84,0.01168,69459.31,0.01079,69455.66,8e-05,69459.35,8e-05,69455.26,8e-05,69459.81,0.35764,69454.74,0.02229,69459.82,0.25457,69454.31,8e-05,69460.24,0.00021,69453.99,8e-05
69456.43,3.13098,69456.42,2.20882,69456.44,0.00024,69456.41,0.00048,69458.54,0.0144,69456.28,8e-05,69458.91,8e-05,69455.85,8e-05,69459.06,0.003,69455.84,0.01168,69459.31,0.01079,69455.66,8e-05,69459.35,8e-05,69455.26,8e-05,69459.81,0.35764,69454.74,0.02229,69459.82,0.25457,69454.31,8e-05,69460.24,0.00021,69453.99,8e-05
69456.43,3.1068,69456.42,2.33327,69456.44,0.00024,69456.41,0.00048,69458.54,0.0144,69456.28,8e-05,69458.91,8e-05,69455.85,8e-05,69459.06,0.003,69455.84,0.01168,69459.31,0.01079,69455.66,8e-05,69459.35,8e-05,69455.26,8e-05,69459.81,0.35764,69454.74,0.02229,69459.82,0.25457,69454.31,8e-05,69460.24,0.00021,69453.99,8e-05
69456.43,3.10681,69456.42,2.33327,69456.44,0.00024,69456.41,0.00048,69458.54,0.0144,69456.28,8e-05,69458.91,8e-05,69455.85,8e-05,69459.06,0.003,69455.84,0.01168,69459.31,0.01079,69455.66,8e-05,69459.35,8e-05,69455.26,8e-05,69459.81,0.35764,69454.74,0.02229,69459.82,0.25457,69454.31,8e-05,69460.24,0.00021,69453.99,8e-05
69456.43,2.972,69456.42,2.33327,69456.44,0.00024,69456.41,0.00048,69458.54,0.0144,69456.28,8e-05,69458.91,8e-05,69455.85,8e-05,69459.06,0.003,69455.84,0.01168,69459.31,0.01079,69455.66,8e-05,69459.35,8e-05,69455.26,8e-05,69459.81,0.35764,69454.74,0.02229,69459.82,0.25457,69454.31,8e-05,69460.24,0.00021,69453.99,8e-05
69456.43,2.96907,69456.42,2.33758,69456.44,0.00024,69456.41,0.00048,69458.54,0.0144,69456.28,8e-05,69458.91,8e-05,69455.85,8e-05,69459.06,0.003,69455.84,0.01168,69459.31,0.01079,69455.66,8e-05,69459.35,8e-05,69455.26,8e-05,69459.81,0.35764,69454.74,0.02229,69459.82,0.25457,69454.31,8e-05,69460.24,0.00021,69453.99,8e-05
69456.43,2.96907,69456.42,2.33758,69456.44,0.00024,69456.41,0.00048,69458.54,0.0144,69456.28,8e-05,69458.91,8e-05,69455.85,8e-05,69459.06,0.003,69455.84,0.01168,69459.35,8e-05,69455.66,8e-05,69459.81,0.35764,69455.26,8e-05,69459.82,0.25457,69454.74,0.02229,69460.24,0.00021,69454.31,8e-05,69460.25,0.00038,69453.99,8e-05
69456.43,2.96949,69456.42,2.34004,69456.44,0.00016,69456.41,0.00048,69458.54,0.0144,69456.28,8e-05,69458.91,8e-05,69455.85,8e-05,69459.06,0.003,69455.84,0.01168,69459.35,8e-05,69455.66,8e-05,69459.81,0.35764,69455.26,8e-05,69459.82,0.25457,69454.74,0.02229,69460.24,0.00021,69454.31,8e-05,69460.25,0.00038,69453.99,8e-05
69456.43,2.96949,69456.42,2.34004,69456.44,0.00016,69456.41,0.00048,69458.54,0.0144,69456.28,8e-05,69458.91,8e-05,69455.85,8e-05,69459.06,0.003,69455.84,0.01168,69459.35,8e-05,69455.66,8e-05,69459.81,0.35764,69455.26,8e-05,69459.82,0.25457,69454.74,0.02229,69460.24,0.00021,69454.31,8e-05,69460.25,0.00038,69453.99,8e-05
69456.43,2.84965,69456.42,2.52952,69456.44,0.00024,69456.41,0.00048,69458.54,0.0144,69456.28,8e-05,69458.91,8e-05,69455.85,8e-05,69459.06,0.003,69455.84,0.01168,69459.35,8e-05,69455.66,8e-05,69459.81,0.35764,69455.26,8e-05,69459.82,0.25457,69454.74,0.02229,69460.24,0.00021,69454.31,8e-05,69460.25,0.00038,69453.99,8e-05
69456.43,2.84831,69456.42,2.52952,69456.44,0.00024,69456.41,0.00048,69458.54,0.0144,69456.28,8e-05,69458.91,8e-05,69455.85,8e-05,69459.06,0.003,69455.84,0.01168,69459.35,8e-05,69455.66,8e-05,69459.81,0.35764,69455.26,8e-05,69459.82,0.25457,69454.74,0.02229,69460.24,0.00021,69454.31,8e-05,69460.25,0.00038,69453.99,8e-05
69456.43,2.84831,69456.42,2.52941,69456.44,0.00024,69456.41,0.00048,69458.54,0.0144,69456.28,8e-05,69458.91,8e-05,69455.85,8e-05,69459.06,0.003,69455.84,0.01168,69459.35,8e-05,69455.66,8e-05,69459.81,0.35764,69455.26,8e-05,69459.82,0.25457,69454.74,0.02229,69460.24,0.00021,69454.31,8e-05,69460.25,0.00038,69453.99,8e-05
69456.43,2.77565,69456.42,2.56097,69456.44,0.00016,69456.41,0.00048,69458.54,0.0144,69456.28,8e-05,69458.91,8e-05,69455.85,8e-05,69459.35,8e-05,69455.84,0.01168,69459.81,0.35764,69455.66,8e-05,69459.82,0.25457,69455.58,0.003,69460.24,0.00021,69455.26,8e-05,69460.25,0.00038,69454.74,0.02229,69460.38,0.00144,69454.31,8e-05
69456.43,2.77453,69456.42,2.56097,69456.44,0.00016,69456.41,0.00048,69458.54,0.0144,69456.28,8e-05,69458.91,8e-05,69455.85,8e-05,69459.35,8e-05,69455.84,0.01168,69459.81,0.35764,69455.66,8e-05,69459.82,0.25457,69455.58,0.003,69460.24,0.00021,69455.26,8e-05,69460.25,0.00038,69454.74,0.02229,69460.38,0.00144,69454.31,8e-05
69456.43,3.01111,69456.42,2.20042,69456.44,0.00016,69456.41,0.00048,69458.54,0.0144,69456.28,8e-05,69458.91,8e-05,69455.85,8e-05,69459.06,0.003,69455.84,0.01168,69459.35,8e-05,69455.66,8e-05,69459.81,0.35764,69455.26,8e-05,69459.82,0.25457,69454.97,8e-05,69460.24,0.00021,69454.74,0.02229,69460.25,0.00038,69454.31,8e-05
69456.43,3.48305,69456.42,0.09351,69457.32,0.003,69456.41,0.0004,69458.53,0.0201,69456.28,8e-05,69458.54,0.0144,69455.66,8e-05,69458.71,0.05287,69455.26,8e-05,69458.91,8e-05,69454.31,8e-05,69459.06,0.003,69453.99,8e-05,69459.35,8e-05,69453.81,8e-05,69459.8,0.0072,69453.79,8e-05,69459.81,0.35764,69453.78,8e-05
69456.43,3.93065,69456.42,0.09359,69457.32,0.003,69456.41,0.00048,69457.65,0.01467,69456.36,8e-05,69458.53,0.0201,69456.28,8e-05,69458.54,0.0144,69455.26,8e-05,69458.71,0.05287,69454.31,8e-05,69458.91,8e-05,69453.99,8e-05,69459.06,0.003,69453.81,8e-05,69459.35,8e-05,69453.79,8e-05,69459.8,0.0072,69453.78,8e-05
69456.43,4.35794,69456.42,0.09351,69457.32,0.003,69456.41,0.00048,69457.65,0.01467,69456.36,8e-05,69457.74,8e-05,69456.28,8e-05,69458.53,0.0201,69455.26,8e-05,69458.54,0.0144,69454.31,8e-05,69458.71,0.05287,69453.99,8e-05,69458.91,8e-05,69453.81,8e-05,69459.06,0.003,69453.79,8e-05,69459.35,8e-05,69453.78,8e-05
69456.43,6.30752,69456.42,0.03973,69457.31,0.0072,69456.41,0.00024,69457.32,0.003,69456.36,8e-05,69457.44,1.1648,69456.28,8e-05,69457.45,3.11207,69455.26,8e-05,69457.46,0.51857,69454.31,8e-05,69457.65,0.01467,69453.99,8e-05,69457.74,8e-05,69453.81,8e-05,69458.54,0.0223,69453.79,8e-05,69458.71,0.05287,69453.78,8e-05
69456.43,7.20279,69456.42,0.03973,69457.32,0.003,69456.41,0.00024,69457.44,1.1648,69456.36,8e-05,69457.45,3.11207,69456.28,8e-05,69457.46,0.51857,69455.26,8e-05,69457.65,0.01467,69454.31,8e-05,69457.74,8e-05,69453.99,8e-05,69458.54,0.0223,69453.81,8e-05,69458.7,0.0072,69453.79,8e-05,69458.71,0.05287,69453.78,8e-05
69454.11,7.23602,69454.1,0.0515,69454.12,0.00864,69454.09,0.00048,69455.25,1.52769,69453.99,8e-05,69455.26,0.24494,69453.81,8e-05,69455.27,0.06016,69453.79,8e-05,69455.58,0.003,69453.78,8e-05,69456.16,0.28494,69453.77,0.05177,69456.28,8e-05,69453.36,8e-05,69456.42,0.67683,69453.23,8e-05,69456.43,0.18896,69452.75,8e-05
69454.11,7.26617,69454.1,0.4991,69454.12,0.00864,69454.09,0.00048,69455.25,1.52769,69453.99,8e-05,69455.26,0.24494,69453.81,8e-05,69455.27,0.06016,69453.79,8e-05,69455.58,0.003,69453.78,8e-05,69456.16,0.28494,69453.77,0.05177,69456.28,8e-05,69453.58,8e-05,69456.42,0.67683,69453.23,8e-05,69456.43,0.15896,69452.75,8e-05
69454.11,7.26617,69454.1,0.4991,69454.12,0.00864,69454.09,0.00048,69455.25,1.52769,69453.99,8e-05,69455.26,0.24494,69453.81,8e-05,69455.27,0.02016,69453.79,8e-05,69455.58,0.003,69453.78,8e-05,69456.16,0.28494,69453.77,0.05177,69456.28,8e-05,69453.23,8e-05,69456.42,0.67683,69452.75,8e-05,69456.43,0.15896,69452.61,8e-05
69454.11,7.26625,69454.1,0.50358,69454.12,0.00864,69454.09,0.00056,69455.25,0.59282,69453.99,8e-05,69455.26,0.24494,69453.81,8e-05,69455.27,0.02016,69453.79,8e-05,69455.58,0.003,69453.78,8e-05,69456.16,0.28494,69453.77,0.05177,69456.28,8e-05,69453.23,8e-05,69456.42,0.67683,69452.75,8e-05,69456.43,0.15896,69452.61,8e-05
69454.11,7.26625,69454.1,0.50037,69454.12,0.00864,69454.09,0.00048,69455.25,0.42608,69453.99,8e-05,69455.26,0.24494,69453.81,8e-05,69455.27,0.02016,69453.79,8e-05,69455.58,0.003,69453.78,8e-05,69456.16,0.28494,69453.77,0.05193,69456.28,8e-05,69453.23,8e-05,69456.42,0.11825,69452.75,8e-05,69456.43,0.15896,69452.61,8e-05
69454.11,7.25846,69454.1,0.50045,69454.12,0.00864,69454.09,0.00056,69455.25,0.42608,69453.99,8e-05,69455.26,0.24494,69453.81,8e-05,69455.27,0.02016,69453.79,8e-05,69455.58,0.003,69453.78,8e-05,69456.16,0.28494,69453.77,0.05193,69456.28,8e-05,69453.23,8e-05,69456.42,0.11825,69452.75,8e-05,69456.43,0.15904,69452.61,8e-05
69454.11,7.26505,69454.1,0.49634,69454.12,0.00864,69454.09,0.00056,69455.25,0.42608,69453.99,8e-05,69455.26,0.24494,69453.81,8e-05,69455.27,0.02016,69453.79,8e-05,69455.58,0.003,69453.78,8e-05,69456.16,0.28494,69453.77,0.05193,69456.28,8e-05,69453.23,8e-05,69456.42,0.11825,69452.75,8e-05,69456.43,0.15904,69452.61,8e-05
69454.11,7.26504,69454.1,0.49634,69454.12,0.00864,69454.09,0.00056,69455.25,0.42608,69453.99,8e-05,69455.26,0.24494,69453.81,8e-05,69455.27,0.02016,69453.79,8e-05,69455.58,0.003,69453.78,8e-05,69456.16,0.28494,69453.77,0.05193,69456.28,8e-05,69453.23,8e-05,69456.42,0.11825,69452.75,8e-05,69456.43,0.15904,69452.61,8e-05
69454.11,7.27944,69454.1,0.49543,69454.12,0.00864,69454.09,0.00056,69455.25,0.42608,69453.99,8e-05,69455.26,0.24494,69453.81,8e-05,69455.27,0.02016,69453.79,8e-05,69455.58,0.003,69453.78,8e-05,69456.16,0.00024,69453.77,0.05185,69456.28,8e-05,69453.23,8e-05,69456.42,0.11825,69452.75,8e-05,69456.43,0.15904,69452.61,8e-05
69454.11,7.29348,69454.1,0.49543,69454.12,0.00864,69454.09,0.00056,69455.25,0.42608,69453.99,8e-05,69455.26,0.24494,69453.81,8e-05,69455.27,0.02016,69453.79,8e-05,69455.58,0.003,69453.78,8e-05,69456.16,0.00024,69453.77,0.05185,69456.28,8e-05,69453.23,8e-05,69456.42,0.11825,69452.75,8e-05,69456.43,0.15904,69452.61,8e-05
69454.11,7.29348,69454.1,0.49543,69454.12,0.00864,69454.09,0.00056,69455.25,0.42608,69453.99,8e-05,69455.26,0.24494,69453.81,8e-05,69455.27,0.02016,69453.79,8e-05,69455.58,0.003,69453.78,8e-05,69456.16,0.00024,69453.77,0.05185,69456.28,8e-05,69453.23,8e-05,69456.42,0.11825,69452.75,8e-05,69456.43,0.15904,69452.61,8e-05
69454.11,4.39751,69454.1,0.63195,69454.12,0.00888,69454.09,0.00048,69455.26,0.24494,69453.99,8e-05,69455.27,0.00016,69453.81,8e-05,69455.58,0.003,69453.79,8e-05,69456.15,0.0072,69453.78,0.00024,69456.16,0.00024,69453.77,0.05185,69456.28,8e-05,69453.23,8e-05,69456.42,0.00021,69452.93,0.13621,69456.43,0.14827,69452.89,8e-05
69451.59,4.91002,69451.58,0.01165,69452.1,0.003,69451.57,0.00024,69452.74,0.36212,69451.55,0.003,69452.75,0.29215,69450.56,0.0005,69452.76,0.15312,69450.06,8e-05,69452.9,8e-05,69450.05,8e-05,69452.94,0.00016,69450.01,8e-05,69453.78,0.11804,69450.0,0.26634,69453.84,0.003,69449.94,8e-05,69454.0,8e-05,69449.83,8e-05
69450.01,6.48842,69450.0,1.23858,69450.36,0.003,69449.99,0.00032,69451.57,0.08379,69449.94,8e-05,69451.58,0.24042,69449.83,8e-05,69451.59,0.00032,69449.69,8e-05,69452.1,0.003,69449.68,0.05016,69452.74,0.13155,69449.56,8e-05,69452.75,8e-05,69449.25,8e-05,69452.76,0.15312,69449.22,0.00016,69452.9,8e-05,69449.21,0.00016
69450.01,6.48545,69450.0,1.27357,69450.36,0.003,69449.99,0.0004,69450.79,8e-05,69449.94,8e-05,69451.57,0.07194,69449.83,8e-05,69451.58,0.24042,69449.69,8e-05,69451.59,0.00032,69449.68,0.05032,69452.1,0.003,69449.56,8e-05,69452.74,0.13155,69449.25,8e-05,69452.75,8e-05,69449.22,0.00016,69452.76,0.15312,69449.21,0.00016
69450.01,6.2768,69450.0,1.23111,69450.36,0.003,69449.99,0.00048,69450.79,8e-05,69449.94,8e-05,69451.57,0.07194,69449.83,8e-05,69451.58,0.24042,69449.7,8e-05,69451.59,0.00032,69449.69,0.05747,69452.09,0.0072,69449.68,0.05024,69452.1,0.003,69449.56,8e-05,69452.74,0.13155,69449.25,8e-05,69452.75,8e-05,69449.22,0.00016
69450.01,6.13905,69450.0,1.23127,69450.36,0.003,69449.99,0.00048,69450.7,0.0144,69449.94,8e-05,69450.79,8e-05,69449.84,0.01152,69451.57,0.07194,69449.83,8e-05,69451.58,0.24042,69449.7,8e-05,69451.59,0.00032,69449.69,8e-05,69452.09,0.0072,69449.68,0.05024,69452.1,0.003,69449.56,8e-05,69452.74,0.13155,69449.25,8e-05
69450.01,6.27502,69450.0,1.23127,69450.36,0.003,69449.99,0.00048,69450.79,8e-05,69449.94,8e-05,69451.57,0.07194,69449.84,0.01168,69451.58,0.24042,69449.83,8e-05,69451.59,0.00032,69449.7,8e-05,69452.09,0.0072,69449.69,8e-05,69452.1,0.003,69449.68,0.05024,69452.74,0.13155,69449.56,8e-05,69452.75,8e-05,69449.25,8e-05
69450.01,6.27473,69450.0,1.23175,69450.36,0.003,69449.99,0.00048,69450.79,8e-05,69449.94,8e-05,69451.57,0.07194,69449.84,0.01168,69451.58,0.24042,69449.83,8e-05,69451.59,0.00032,69449.7,8e-05,69452.09,0.0072,69449.69,8e-05,69452.1,0.003,69449.68,0.05024,69452.74,0.13155,69449.56,8e-05,69452.75,8e-05,69449.25,8e-05
69450.01,6.08543,69450.0,1.31136,69450.36,0.003,69449.99,0.00048,69450.79,8e-05,69449.94,8e-05,69451.57,0.07194,69449.84,0.01168,69451.58,0.24042,69449.83,8e-05,69451.59,0.00032,69449.7,8e-05,69452.09,0.0072,69449.69,0.03883,69452.1,0.003,69449.68,0.00024,69452.74,0.13155,69449.56,8e-05,69452.75,8e-05,69449.25,8e-05
69450.01,6.08244,69450.0,1.31115,69450.36,0.003,69449.99,0.00048,69450.79,8e-05,69449.94,8e-05,69451.57,0.07194,69449.84,0.01168,69451.58,0.24042,69449.83,8e-05,69451.59,0.00032,69449.7,8e-05,69452.09,0.0072,69449.69,0.03899,69452.1,0.003,69449.68,8e-05,69452.74,0.13155,69449.56,8e-05,69452.75,8e-05,69449.25,8e-05
69450.01,6.0759,69450.0,1.32353,69450.02,0.0004,69449.99,0.0004,69450.79,8e-05,69449.94,8e-05,69451.57,0.07194,69449.84,0.01168,69451.58,0.24042,69449.83,8e-05,69451.59,0.00032,69449.7,8e-05,69452.09,0.0072,69449.69,0.03899,69452.1,0.003,69449.68,8e-05,69452.74,0.13155,69449.56,8e-05,69452.75,8e-05,69449.25,8e-05
69450.01,6.0759,69450.0,1.32353,69450.02,0.0004,69449.99,0.0004,69451.57,0.07194,69449.94,8e-05,69451.58,0.24042,69449.84,0.01168,69451.59,0.00032,69449.83,8e-05,69452.09,0.0072,69449.7,8e-05,69452.1,0.003,69449.69,0.03899,69452.74,0.13155,69449.68,8e-05,69452.75,8e-05,69449.56,8e-05,69452.76,0.13304,69449.25,8e-05
69450.01,6.07614,69450.0,1.32345,69450.02,0.00048,69449.99,0.00032,69451.57,0.07194,69449.94,8e-05,69451.58,0.24042,69449.84,0.01168,69451.59,0.00032,69449.83,8e-05,69452.09,0.0072,69449.7,8e-05,69452.1,0.003,69449.69,0.03899,69452.74,0.13155,69449.68,8e-05,69452.75,8e-05,69449.56,8e-05,69452.76,0.13304,69449.25,8e-05
69450.01,6.07615,69450.0,1.32345,69450.02,0.00048,69449.99,0.00032,69451.57,0.07194,69449.94,8e-05,69451.58,0.24042,69449.84,0.01168,69451.59,0.00032,69449.83,8e-05,69452.09,0.0072,69449.7,8e-05,69452.1,0.003,69449.69,0.03899,69452.74,0.13155,69449.68,8e-05,69452.75,8e-05,69449.56,8e-05,69452.76,0.13304,69449.25,8e-05
69450.01,6.07615,69450.0,1.32345,69450.02,0.00048,69449.99,0.00032,69451.57,0.07194,69449.94,8e-05,69451.58,0.24042,69449.84,0.01168,69451.59,0.00032,69449.83,8e-05,69452.09,0.0072,69449.7,8e-05,69452.1,0.003,69449.69,0.03899,69452.74,0.13155,69449.68,8e-05,69452.75,8e-05,69449.56,8e-05,69452.76,0.13304,69449.25,8e-05
69450.01,6.07617,69450.0,1.32308,69450.02,0.00048,69449.99,0.00032,69450.87,0.0144,69449.94,8e-05,69451.57,0.07194,69449.84,0.01168,69451.58,0.24063,69449.83,8e-05,69451.59,0.00032,69449.7,8e-05,69452.09,0.0072,69449.69,0.03899,69452.1,0.003,69449.68,8e-05,69452.74,0.13155,69449.56,8e-05,69452.75,8e-05,69449.25,8e-05
69450.01,6.07625,69450.0,1.32308,69450.02,0.00056,69449.99,0.00032,69450.87,0.0144,69449.94,8e-05,69451.49,8e-05,69449.84,0.01168,69451.57,0.07194,69449.83,8e-05,69451.58,0.24063,69449.7,8e-05,69451.59,0.00032,69449.69,0.03899,69452.09,0.0072,69449.68,8e-05,69452.1,0.003,69449.56,8e-05,69452.74,0.13155,69449.25,8e-05
69450.01,6.07612,69450.0,1.23643,69450.02,0.00056,69449.99,0.00032,69450.87,0.0144,69449.94,8e-05,69451.49,8e-05,69449.84,0.01168,69451.57,0.07194,69449.83,8e-05,69451.58,0.24063,69449.7,8e-05,69451.59,0.00032,69449.69,0.03899,69452.09,0.0072,69449.68,8e-05,69452.1,0.003,69449.56,8e-05,69452.74,0.13155,69449.25,8e-05
69450.01,6.07612,69450.0,1.22206,69450.02,0.00056,69449.99,0.00032,69451.26,0.0144,69449.94,8e-05,69451.49,8e-05,69449.84,0.01168,69451.57,0.07194,69449.83,8e-05,69451.58,0.24063,69449.7,8e-05,69451.59,0.00032,69449.69,0.03899,69452.09,0.0072,69449.68,8e-05,69452.1,0.003,69449.56,8e-05,69452.74,0.13155,69449.25,8e-05
69450.01,6.07612,69450.0,1.18135,69450.02,0.00056,69449.99,0.00032,69451.26,0.0144,69449.94,8e-05,69451.49,8e-05,69449.84,0.01168,69451.57,0.07194,69449.83,8e-05,69451.58,0.24063,69449.7,8e-05,69451.59,0.00032,69449.69,8e-05,69452.09,0.0072,69449.68,8e-05,69452.1,0.003,69449.56,8e-05,69452.74,0.13155,69449.25,8e-05
69450.01,5.93321,69450.0,1.18127,69450.02,0.00048,69449.99,0.00024,69451.57,0.07194,69449.94,8e-05,69451.58,0.24063,69449.84,0.01168,69451.59,0.00032,69449.83,8e-05,69452.09,0.0072,69449.7,8e-05,69452.1,0.003,69449.69,8e-05,69452.74,0.13155,69449.68,8e-05,69452.75,8e-05,69449.56,8e-05,69452.76,0.13304,69449.25,8e-05
69450.01,3.96632,69450.0,1.22052,69450.02,0.00056,69449.99,0.00024,69451.31,0.0144,69449.94,8e-05,69451.49,8e-05,69449.84,0.01168,69451.57,0.07198,69449.83,8e-05,69451.58,0.24063,69449.7,8e-05,69451.59,0.00024,69449.69,8e-05,69452.1,0.003,69449.68,8e-05,69452.75,0.09107,69449.56,8e-05,69452.76,0.13304,69449.25,8e-05
69450.01,3.92526,69450.0,1.22052,69450.02,0.00064,69449.99,0.00024,69451.3,8e-05,69449.94,8e-05,69451.31,0.01448,69449.85,8e-05,69451.49,8e-05,69449.84,0.01168,69451.56,8e-05,69449.83,8e-05,69451.57,0.07214,69449.7,8e-05,69451.58,0.24071,69449.69,8e-05,69451.59,0.00024,69449.68,8e-05,69452.1,0.003,69449.56,8e-05
69450.01,3.9081,69450.0,1.17981,69450.02,0.00056,69449.99,0.00024,69451.56,8e-05,69449.94,8e-05,69451.57,0.07214,69449.85,8e-05,69451.58,0.24071,69449.84,0.01168,69451.59,0.00024,69449.83,8e-05,69451.76,0.0144,69449.7,8e-05,69452.1,0.003,69449.69,8e-05,69452.74,8e-05,69449.68,8e-05,69452.75,0.09123,69449.56,8e-05
69450.01,3.91783,69450.0,1.18981,69450.02,0.00056,69449.99,0.00024,69451.56,8e-05,69449.94,8e-05,69451.57,0.07214,69449.85,8e-05,69451.58,0.24071,69449.84,0.01168,69451.59,0.00024,69449.83,8e-05,69451.76,0.0144,69449.7,8e-05,69452.1,0.003,69449.69,8e-05,69452.74,8e-05,69449.68,8e-05,69452.75,0.09123,69449.56,8e-05
69450.01,3.91707,69450.0,1.23052,69450.02,0.00056,69449.99,0.00024,69451.56,8e-05,69449.94,8e-05,69451.57,0.07214,69449.85,8e-05,69451.58,0.24071,69449.84,0.01168,69451.59,0.00024,69449.83,8e-05,69452.1,0.003,69449.7,8e-05,69452.74,8e-05,69449.69,8e-05,69452.75,0.09123,69449.68,8e-05,69452.76,0.13312,69449.56,8e-05
69450.01,3.91664,69450.0,1.08635,69450.02,0.00064,69449.99,0.00024,69451.56,8e-05,69449.94,8e-05,69451.57,0.07214,69449.85,8e-05,69451.58,0.24071,69449.84,0.01168,69451.59,0.00024,69449.83,8e-05,69452.1,0.003,69449.7,8e-05,69452.28,0.01448,69449.69,8e-05,69452.74,8e-05,69449.68,8e-05,69452.75,0.09123,69449.56,8e-05
69450.01,3.90994,69450.0,1.08635,69450.02,0.00064,69449.99,0.00024,69451.56,8e-05,69449.94,8e-05,69451.57,0.07214,69449.85,8e-05,69451.58,0.24071,69449.84,0.01168,69451.59,0.00024,69449.83,8e-05,69452.1,0.003,69449.7,8e-05,69452.28,0.01448,69449.69,8e-05,69452.74,8e-05,69449.68,8e-05,69452.75,0.09123,69449.56,8e-05
69450.01,3.90994,69450.0,1.08635,69450.02,0.00064,69449.99,0.00024,69451.56,8e-05,69449.94,8e-05,69451.57,0.07214,69449.85,8e-05,69451.58,0.24071,69449.84,0.01168,69451.59,0.00024,69449.83,8e-05,69452.1,0.003,69449.7,8e-05,69452.28,0.01448,69449.69,8e-05,69452.74,8e-05,69449.68,8e-05,69452.75,0.09123,69449.56,8e-05
69450.01,3.90994,69450.0,1.08635,69450.02,0.00064,69449.99,0.00024,69451.56,8e-05,69449.94,8e-05,69451.57,0.07214,69449.85,8e-05,69451.58,0.24071,69449.84,0.01168,69451.59,0.00024,69449.83,8e-05,69452.1,0.003,69449.7,8e-05,69452.28,0.01448,69449.69,8e-05,69452.74,8e-05,69449.68,8e-05,69452.75,0.09123,69449.56,8e-05
69450.01,3.9098,69450.0,1.086,69450.02,0.00064,69449.99,0.00024,69451.56,8e-05,69449.94,8e-05,69451.57,0.07214,69449.85,8e-05,69451.58,0.24071,69449.84,0.01168,69451.59,0.00024,69449.83,8e-05,69452.1,0.003,69449.7,8e-05,69452.28,0.01448,69449.69,8e-05,69452.73,0.0072,69449.68,8e-05,69452.74,8e-05,69449.56,8e-05
69450.01,3.9098,69450.0,1.086,69450.02,0.00064,69449.99,0.00024,69451.56,8e-05,69449.94,8e-05,69451.57,0.07214,69449.85,8e-05,69451.58,0.24071,69449.84,0.01168,69451.59,0.00024,69449.83,8e-05,69452.1,0.003,69449.7,8e-05,69452.28,0.01448,69449.69,8e-05,69452.73,0.00728,69449.68,8e-05,69452.74,8e-05,69449.56,8e-05
69450.01,3.9098,69450.0,1.08262,69450.02,0.00064,69449.99,0.00024,69451.56,8e-05,69449.94,8e-05,69451.57,0.07214,69449.85,8e-05,69451.58,0.24071,69449.84,0.01168,69451.59,0.00024,69449.83,8e-05,69452.1,0.003,69449.7,8e-05,69452.28,0.01448,69449.69,8e-05,69452.73,0.00728,69449.68,8e-05,69452.74,8e-05,69449.56,8e-05
69450.01,3.90999,69450.0,1.08225,69450.02,0.00064,69449.99,0.00024,69451.56,8e-05,69449.94,8e-05,69451.57,0.07214,69449.85,8e-05,69451.58,0.24071,69449.84,0.01168,69451.59,0.00024,69449.83,8e-05,69452.1,0.003,69449.7,8e-05,69452.28,0.01448,69449.69,8e-05,69452.73,0.00728,69449.68,8e-05,69452.74,8e-05,69449.56,8e-05
69450.01,3.90927,69450.0,1.04194,69450.02,0.00016,69449.99,0.0004,69451.55,0.00728,69449.94,8e-05,69451.56,8e-05,69449.83,8e-05,69451.57,0.07214,69449.7,8e-05,69451.58,0.24071,69449.56,8e-05,69451.59,0.00024,69449.25,8e-05,69452.1,0.003,69449.22,0.00016,69452.28,0.01448,69449.21,0.00016,69452.72,0.00728,69449.04,0.00016
69450.01,4.0821,69450.0,1.0417,69450.02,8e-05,69449.99,0.00048,69450.36,0.003,69449.94,8e-05,69451.56,8e-05,69449.83,8e-05,69451.57,0.07214,69449.56,8e-05,69451.58,0.24071,69449.25,8e-05,69451.59,0.00024,69449.22,0.00016,69452.1,0.003,69449.21,0.00016,69452.28,0.01448,69448.72,8e-05,69452.75,0.09115,69447.69,0.00056
69450.01,4.08226,69450.0,1.03883,69450.02,8e-05,69449.99,0.00048,69450.36,0.003,69449.94,8e-05,69450.79,8e-05,69449.83,8e-05,69451.57,0.07206,69449.56,8e-05,69451.58,0.24079,69449.25,8e-05,69451.59,0.00024,69449.22,0.00016,69452.1,0.003,69449.21,0.00016,69452.28,0.01448,69448.72,8e-05,69452.33,0.05287,69447.69,0.00056
69450.01,4.28186,69450.0,0.48707,69450.02,8e-05,69449.99,0.0004,69450.36,0.003,69449.94,8e-05,69450.79,8e-05,69449.83,8e-05,69451.57,0.07206,69449.56,8e-05,69451.58,0.24079,69449.25,8e-05,69451.59,0.00024,69449.22,0.00016,69452.1,0.003,69449.21,0.00016,69452.28,0.01448,69448.72,8e-05,69452.33,0.05295,69447.69,0.00056
69445.39,6.13568,69445.38,0.44925,69445.4,8e-05,69445.37,0.00032,69445.69,8e-05,69445.32,8e-05,69446.87,0.00728,69445.0,0.00016,69446.88,0.003,69444.99,0.05024,69447.69,0.04008,69444.62,8e-05,69447.7,0.18006,69444.48,8e-05,69448.31,0.05295,69444.47,0.00018,69448.58,0.01449,69444.46,0.00013,69448.62,0.003,69444.45,0.00131
69445.39,6.13587,69445.38,0.44941,69445.4,8e-05,69445.37,0.0004,69445.69,8e-05,69445.32,8e-05,69446.87,0.00728,69445.0,0.00016,69446.88,0.003,69444.99,0.05016,69447.69,0.04008,69444.62,8e-05,69447.7,0.18006,69444.55,8e-05,69448.31,0.05295,69444.48,8e-05,69448.58,0.01449,69444.47,0.00018,69448.62,0.003,69444.46,0.00013
69445.39,6.13487,69445.38,0.44898,69445.4,8e-05,69445.37,0.0004,69445.69,8e-05,69445.32,8e-05,69446.87,0.00728,69445.0,0.00016,69446.88,0.003,69444.99,0.05032,69447.69,0.10202,69444.62,8e-05,69447.7,0.14006,69444.55,8e-05,69448.31,0.05295,69444.48,8e-05,69448.58,0.01449,69444.47,0.00018,69448.62,0.003,69444.46,0.00013
69445.39,6.13443,69445.38,0.44882,69445.4,8e-05,69445.37,0.00032,69445.69,8e-05,69445.32,8e-05,69446.87,0.00728,69445.0,0.00016,69446.88,0.003,69444.99,0.05032,69447.32,8e-05,69444.62,8e-05,69447.69,0.10202,69444.55,8e-05,69447.7,0.14006,69444.48,8e-05,69447.8,8e-05,69444.47,0.00018,69448.31,0.05295,69444.46,0.00013
69445.39,6.09193,69445.38,0.45882,69445.4,8e-05,69445.37,0.00032,69445.69,8e-05,69445.32,8e-05,69446.87,0.00728,69445.0,0.00016,69446.88,0.003,69444.99,0.05032,69447.31,0.00022,69444.62,8e-05,69447.32,8e-05,69444.55,8e-05,69447.68,8e-05,69444.48,8e-05,69447.69,0.0621,69444.47,0.00018,69447.7,0.14006,69444.46,0.00013
69445.39,6.09193,69445.38,0.46262,69445.4,8e-05,69445.37,0.00016,69445.69,8e-05,69445.32,8e-05,69446.87,0.00728,69445.0,0.00016,69446.88,0.003,69444.99,0.05024,69447.31,0.00022,69444.62,8e-05,69447.32,8e-05,69444.55,8e-05,69447.68,8e-05,69444.48,8e-05,69447.69,0.0621,69444.47,0.00018,69447.7,0.14006,69444.46,0.00013
69445.39,6.09194,69445.38,0.4627,69445.4,8e-05,69445.37,0.00016,69445.69,8e-05,69445.32,8e-05,69446.87,0.00728,69445.0,0.00016,69446.88,0.003,69444.99,0.05032,69447.31,0.00022,69444.62,8e-05,69447.32,8e-05,69444.55,8e-05,69447.68,8e-05,69444.48,8e-05,69447.69,0.0621,69444.47,0.00018,69447.7,0.14006,69444.46,0.00013
69445.39,6.09194,69445.38,0.45946,69445.4,8e-05,69445.37,0.00024,69445.69,8e-05,69445.32,8e-05,69446.87,0.00728,69445.0,0.00016,69446.88,0.003,69444.99,0.0504,69447.31,0.00022,69444.62,8e-05,69447.32,8e-05,69444.55,8e-05,69447.68,8e-05,69444.48,8e-05,69447.69,0.0621,69444.47,0.00018,69447.7,0.14006,69444.46,0.00013
69445.39,6.09186,69445.38,0.45946,69445.4,8e-05,69445.37,0.00024,69445.69,8e-05,69445.32,8e-05,69446.11,0.01436,69445.0,0.00016,69446.63,8e-05,69444.99,0.0504,69446.87,0.00728,69444.62,8e-05,69446.88,0.003,69444.55,8e-05,69447.31,0.00022,69444.48,8e-05,69447.32,8e-05,69444.47,0.00018,69447.68,8e-05,69444.46,0.00013
69445.39,6.09186,69445.38,0.50045,69445.4,8e-05,69445.37,0.00032,69445.69,8e-05,69445.32,8e-05,69446.11,8e-05,69445.0,0.00045,69446.63,8e-05,69444.99,0.05032,69446.87,0.00728,69444.62,8e-05,69446.88,0.003,69444.55,8e-05,69447.31,0.00022,69444.48,8e-05,69447.32,8e-05,69444.47,0.00018,69447.68,8e-05,69444.46,0.00013
69445.39,5.91057,69445.38,0.50069,69445.4,8e-05,69445.37,0.0004,69445.69,8e-05,69445.32,8e-05,69446.86,0.00728,69445.01,0.00046,69446.87,0.00728,69445.0,0.05915,69446.88,0.003,69444.99,0.05032,69447.31,0.00022,69444.62,8e-05,69447.32,8e-05,69444.55,8e-05,69447.68,8e-05,69444.48,8e-05,69447.69,0.0621,69444.47,0.00018
69445.39,5.91063,69445.38,0.50069,69445.4,8e-05,69445.37,0.0004,69445.69,8e-05,69445.32,8e-05,69446.86,0.00728,69445.01,0.00046,69446.87,0.00728,69445.0,0.05915,69446.88,0.003,69444.99,0.05032,69447.31,0.00022,69444.62,8e-05,69447.32,8e-05,69444.55,8e-05,69447.68,8e-05,69444.48,8e-05,69447.69,0.0621,69444.47,0.00018
69445.39,5.91063,69445.38,0.50069,69445.4,8e-05,69445.37,0.0004,69445.69,8e-05,69445.32,8e-05,69446.86,0.00728,69445.01,0.00046,69446.87,0.00728,69445.0,0.05915,69446.88,0.003,69444.99,0.05032,69447.31,0.00022,69444.62,8e-05,69447.32,8e-05,69444.55,8e-05,69447.68,8e-05,69444.48,8e-05,69447.69,0.0621,69444.47,0.00018
69445.39,5.9104,69445.38,0.50069,69445.4,8e-05,69445.37,0.0004,69445.69,8e-05,69445.32,8e-05,69446.86,0.00728,69445.01,0.00046,69446.87,0.00728,69445.0,0.05915,69446.88,0.003,69444.99,0.05032,69447.31,0.00022,69444.62,8e-05,69447.32,8e-05,69444.55,8e-05,69447.68,8e-05,69444.48,8e-05,69447.69,0.0621,69444.47,0.00018
69445.39,5.91617,69445.38,0.50069,69445.4,8e-05,69445.37,0.0004,69445.69,8e-05,69445.32,8e-05,69446.86,0.00728,69445.01,0.00046,69446.87,0.00728,69445.0,0.05915,69446.88,0.003,69444.99,0.05032,69447.31,0.00022,69444.62,8e-05,69447.32,8e-05,69444.55,8e-05,69447.68,8e-05,69444.48,8e-05,69447.69,0.0621,69444.47,0.00018
69445.39,5.91608,69445.38,0.45998,69445.4,8e-05,69445.37,0.0004,69445.69,8e-05,69445.32,8e-05,69446.86,0.00728,69445.01,0.00046,69446.87,0.00728,69445.0,0.05915,69446.88,0.003,69444.99,0.05032,69447.31,0.00022,69444.62,8e-05,69447.32,8e-05,69444.55,8e-05,69447.68,8e-05,69444.48,8e-05,69447.69,0.0621,69444.47,0.00018
69445.39,5.91608,69445.38,0.45791,69445.4,8e-05,69445.37,0.0004,69445.69,8e-05,69445.32,8e-05,69446.86,0.00728,69445.01,0.00046,69446.87,0.00728,69445.0,0.05915,69446.88,0.003,69444.99,0.05032,69447.31,0.00022,69444.62,8e-05,69447.32,8e-05,69444.55,8e-05,69447.68,8e-05,69444.48,8e-05,69447.69,0.0621,69444.47,0.00018
69445.39,5.91608,69445.38,0.58979,69445.4,8e-05,69445.37,0.0004,69445.69,8e-05,69445.32,8e-05,69446.86,0.00728,69445.01,0.00046,69446.87,0.00728,69445.0,0.05915,69446.88,0.003,69444.99,0.05032,69447.31,0.00022,69444.62,8e-05,69447.32,8e-05,69444.55,8e-05,69447.68,8e-05,69444.48,8e-05,69447.69,0.0621,69444.47,0.00018
69445.39,4.50764,69445.38,2.19262,69445.4,0.00064,69445.37,0.0004,69445.69,8e-05,69445.32,8e-05,69446.88,0.003,69445.01,0.00046,69447.31,0.00022,69445.0,0.18128,69447.32,8e-05,69444.99,0.00016,69447.68,8e-05,69444.62,8e-05,69447.69,0.04325,69444.55,8e-05,69447.7,0.11998,69444.48,8e-05,69447.74,0.01008,69444.47,0.00018
69445.39,4.3745,69445.38,2.1811,69445.4,0.00072,69445.37,0.0004,69445.69,8e-05,69445.32,8e-05,69446.88,0.003,69445.01,0.00046,69447.31,0.00022,69445.0,0.18128,69447.32,8e-05,69444.99,0.00016,69447.68,8e-05,69444.62,8e-05,69447.69,0.04333,69444.55,8e-05,69447.7,0.11998,69444.48,8e-05,69447.74,0.01008,69444.47,0.00018
69445.39,4.37453,69445.38,2.1811,69445.4,0.00072,69445.37,0.0004,69445.69,8e-05,69445.32,8e-05,69446.88,0.003,69445.01,0.00046,69447.31,0.00022,69445.0,0.18128,69447.32,8e-05,69444.99,0.00016,69447.68,8e-05,69444.62,8e-05,69447.69,0.04333,69444.55,8e-05,69447.7,0.11998,69444.48,8e-05,69447.74,0.01008,69444.47,0.00018
69445.39,4.37421,69445.38,2.18102,69445.4,0.00072,69445.37,0.00032,69445.69,8e-05,69445.32,8e-05,69447.31,0.00022,69445.01,0.00046,69447.68,8e-05,69445.0,0.18128,69447.69,0.04333,69444.99,0.00016,69447.7,0.11998,69444.62,8e-05,69447.74,0.01008,69444.55,8e-05,69448.58,0.01449,69444.48,8e-05,69448.62,0.003,69444.47,0.00018
69450.01,5.18554,69450.0,6.39528,69450.02,0.0004,69449.99,0.00016,69451.59,0.00016,69449.6,0.0003,69452.6,8e-05,69449.22,8e-05,69452.75,0.00151,69448.72,0.25714,69452.76,0.00016,69448.62,0.003,69453.66,8e-05,69447.7,2.30073,69453.95,0.0019,69447.69,0.49787,69454.06,0.00015,69447.3,0.00016,69454.19,0.00047,69446.88,0.003
69450.01,5.0539,69450.0,6.4202,69450.02,0.00032,69449.99,0.00016,69451.58,0.00015,69449.22,8e-05,69451.59,8e-05,69448.73,0.42056,69452.6,8e-05,69448.72,0.25738,69452.75,0.00151,69448.62,0.003,69454.06,0.00015,69448.03,8e-05,69454.88,0.003,69447.7,0.1182,69455.12,0.003,69447.69,0.30879,69455.26,8e-05,69446.89,0.01208
69450.01,5.05332,69450.0,6.4202,69450.02,0.00024,69449.99,0.00016,69451.58,0.00015,69449.22,8e-05,69451.59,8e-05,69448.73,0.42056,69452.6,8e-05,69448.72,0.25738,69452.75,8e-05,69448.62,0.003,69453.35,8e-05,69448.03,8e-05,69454.06,0.00015,69447.7,0.1182,69455.12,0.003,69447.69,0.13379,69455.26,8e-05,69446.89,0.01216
69450.01,5.50164,69450.0,6.79193,69450.02,0.0004,69449.99,0.00016,69451.58,0.00015,69449.22,8e-05,69451.59,8e-05,69448.73,0.25269,69452.6,8e-05,69448.72,0.25738,69452.75,8e-05,69448.62,0.003,69453.36,0.00016,69448.03,8e-05,69453.37,0.13605,69447.7,0.1182,69454.06,0.00015,69447.69,0.13379,69455.12,0.003,69446.99,0.00801
69450.01,5.50148,69450.0,6.79299,69450.02,0.00032,69449.99,0.00016,69451.58,0.00015,69449.22,8e-05,69451.59,8e-05,69448.73,0.25269,69452.6,8e-05,69448.72,0.25738,69452.75,8e-05,69448.62,0.003,69453.36,0.00016,69448.03,8e-05,69453.37,0.13605,69447.7,0.1182,69454.06,0.00015,69447.69,0.13379,69455.12,0.003,69447.0,0.009
69450.01,5.7503,69450.0,5.62333,69450.02,0.00024,69449.99,0.00016,69450.92,0.00161,69449.22,8e-05,69451.58,0.00015,69448.74,8e-05,69451.59,8e-05,69448.73,0.25277,69451.84,0.00016,69448.72,0.25746,69451.85,0.13605,69448.62,0.003,69452.6,8e-05,69448.4,8e-05,69452.75,8e-05,69448.39,0.47558,69454.05,0.00728,69448.03,8e-05
69450.01,5.7503,69450.0,5.63115,69450.02,0.00024,69449.99,0.00016,69450.92,0.00161,69449.22,8e-05,69451.58,0.00015,69448.73,0.25269,69451.59,8e-05,69448.72,0.25746,69451.84,0.00016,69448.62,0.003,69451.85,0.12453,69448.39,0.47558,69452.6,8e-05,69448.03,8e-05,69452.75,8e-05,69447.86,0.00864,69454.05,0.00728,69447.7,0.1182
69450.01,5.25184,69450.0,5.63123,69450.02,0.00032,69449.99,0.00016,69450.92,0.00161,69449.87,0.47557,69451.58,0.00015,69449.22,8e-05,69451.59,8e-05,69448.73,0.25269,69451.84,0.00016,69448.72,0.25738,69451.85,0.12453,69448.62,0.003,69452.6,8e-05,69448.03,8e-05,69452.75,8e-05,69447.86,0.00864,69454.05,0.00728,69447.7,0.1182
69450.01,5.63085,69450.0,5.63276,69450.02,0.00032,69449.99,0.00016,69450.92,0.00161,69449.87,0.47557,69451.58,0.00015,69449.22,8e-05,69451.59,8e-05,69448.73,0.25269,69451.84,0.00016,69448.72,0.25738,69451.85,0.12453,69448.62,0.003,69452.6,8e-05,69448.03,8e-05,69452.75,8e-05,69447.86,0.00864,69454.05,0.00728,69447.7,0.1182
69450.01,5.61973,69450.0,5.63296,69450.02,0.00048,69449.99,0.00016,69450.51,8e-05,69449.87,0.47557,69450.52,0.00584,69449.22,8e-05,69450.92,0.00161,69448.73,0.25269,69451.22,0.00576,69448.72,0.25738,69451.58,0.00015,69448.62,0.003,69451.59,8e-05,69448.03,8e-05,69451.84,0.00016,69447.86,0.00864,69451.85,0.12453,69447.7,0.1182
69450.01,5.5052,69450.0,5.70132,69450.02,0.00048,69449.99,0.00016,69450.51,8e-05,69449.88,0.38545,69450.52,0.00584,69449.87,0.47557,69450.92,0.00161,69449.22,8e-05,69451.22,0.00584,69448.72,0.25746,69451.58,0.00015,69448.62,0.003,69451.59,8e-05,69448.38,0.14415,69451.84,0.00016,69448.03,8e-05,69451.85,0.12453,69447.86,0.00864
69450.01,5.61966,69450.0,5.70132,69450.02,0.00048,69449.99,0.00016,69450.51,8e-05,69449.88,0.38545,69450.52,0.00584,69449.87,0.47557,69450.73,0.00251,69449.22,8e-05,69450.92,0.00161,69448.72,0.25746,69451.22,0.00584,69448.62,0.003,69451.58,0.00015,69448.38,0.14415,69451.59,8e-05,69448.03,8e-05,69451.84,0.00016,69447.86,0.00864
69450.01,5.50604,69450.0,5.70118,69450.02,0.00056,69449.99,0.00016,69450.51,8e-05,69449.88,0.38545,69450.52,0.00584,69449.87,0.47557,69450.73,0.00251,69449.22,8e-05,69450.77,0.00266,69448.72,0.25746,69451.22,0.00584,69448.62,0.003,69451.58,0.00015,69448.38,0.14423,69451.59,8e-05,69448.03,8e-05,69451.84,0.00159,69447.86,0.00872
69450.01,5.05844,69450.0,5.69227,69450.02,0.00056,69449.99,0.00016,69450.51,8e-05,69449.88,0.38545,69450.52,0.00584,69449.87,0.47557,69450.73,0.00251,69449.22,0.00051,69450.77,0.00266,69448.72,0.25746,69451.22,0.00584,69448.62,0.003,69451.58,0.00015,69448.38,0.14423,69451.59,8e-05,69448.03,8e-05,69451.84,0.00159,69447.86,0.00872
69450.01,5.05812,69450.0,5.69227,69450.02,0.00032,69449.99,0.00016,69450.73,0.00251,69449.88,0.38545,69450.77,0.00266,69449.87,0.47565,69451.56,8e-05,69449.22,0.00051,69451.57,0.0116,69448.73,0.05303,69451.58,0.00015,69448.72,0.25746,69451.59,8e-05,69448.62,0.003,69451.84,0.00143,69448.38,0.14423,69452.27,0.00016,69448.03,8e-05
69450.01,5.5058,69450.0,5.6909,69450.02,0.0004,69449.99,0.00016,69450.73,0.00251,69449.88,0.38545,69450.77,0.00266,69449.87,0.47557,69451.58,0.00015,69449.22,0.00051,69451.59,8e-05,69448.72,0.25746,69451.84,0.00143,69448.62,0.003,69452.27,0.00016,69448.38,0.14423,69452.28,0.12453,69448.03,8e-05,69452.6,8e-05,69447.86,0.00872
69450.01,5.50517,69450.0,5.69132,69450.02,0.0004,69449.99,0.00016,69450.73,0.00251,69449.88,0.38545,69450.77,0.00266,69449.87,0.47557,69451.58,0.00015,69449.22,0.00051,69451.59,8e-05,69448.72,0.25746,69451.69,8e-05,69448.62,0.003,69451.7,0.01152,69448.38,0.14423,69451.84,0.00143,69448.03,8e-05,69452.27,0.00016,69447.86,0.00872
69450.01,5.05757,69450.0,5.67641,69450.02,0.00048,69449.99,0.00016,69450.73,0.00251,69449.88,0.38545,69450.77,0.00266,69449.87,0.47557,69451.58,0.00015,69449.23,0.00067,69451.59,8e-05,69449.22,8e-05,69451.69,8e-05,69448.72,0.25746,69451.7,0.0116,69448.62,0.003,69451.84,0.00143,69448.38,0.14423,69452.27,0.00016,69448.03,8e-05
69450.01,5.50509,69450.0,5.67741,69450.02,0.0004,69449.99,0.00016,69450.73,0.00251,69449.88,0.38545,69450.77,0.00266,69449.87,0.47557,69451.58,0.00015,69449.23,0.00067,69451.59,8e-05,69449.22,8e-05,69451.69,8e-05,69448.72,0.25746,69451.7,0.0116,69448.62,0.003,69451.84,0.00143,69448.38,0.14423,69452.27,0.00016,69448.03,8e-05
69450.01,5.50392,69450.0,5.67741,69450.02,0.0004,69449.99,0.00016,69450.73,0.00251,69449.88,0.38545,69450.77,0.00266,69449.87,0.47557,69451.58,0.00015,69449.23,0.00067,69451.59,8e-05,69449.22,8e-05,69451.69,8e-05,69448.72,0.25746,69451.7,0.0116,69448.62,0.003,69451.84,0.00143,69448.38,0.14423,69452.27,0.00016,69448.03,8e-05
69450.01,5.50392,69450.0,5.6773,69450.02,0.0004,69449.99,0.00016,69450.73,0.00251,69449.88,0.38545,69450.77,0.00266,69449.87,0.47557,69451.58,0.00015,69449.22,0.00055,69451.59,8e-05,69448.72,0.25746,69451.69,8e-05,69448.62,0.003,69451.7,0.0116,69448.38,0.14423,69451.84,0.00143,69448.03,8e-05,69452.27,0.00016,69447.86,0.00872
69450.01,5.50392,69450.0,5.6773,69450.02,0.0004,69449.99,0.00016,69450.73,0.00251,69449.88,0.38545,69450.77,0.00266,69449.87,0.47557,69451.58,0.00015,69449.22,0.00055,69451.59,8e-05,69448.72,0.25746,69451.69,8e-05,69448.62,0.003,69451.7,0.0116,69448.38,0.14423,69451.84,0.00143,69448.03,8e-05,69452.27,0.00016,69447.86,0.00872
69450.01,5.50392,69450.0,5.6773,69450.02,0.0004,69449.99,0.00016,69450.73,0.00251,69449.88,0.38545,69450.77,0.00266,69449.87,0.47557,69451.58,0.00015,69449.22,0.00055,69451.59,8e-05,69448.72,0.25746,69451.69,8e-05,69448.62,0.003,69451.7,0.0116,69448.38,0.14423,69451.84,0.00143,69448.03,8e-05,69452.27,0.00016,69447.86,0.00872
69450.01,5.50392,69450.0,5.67735,69450.02,0.0004,69449.99,0.00016,69450.73,0.00251,69449.88,0.38545,69450.77,0.00266,69449.87,0.47557,69451.58,0.00015,69449.22,0.00055,69451.59,8e-05,69448.72,0.25746,69451.69,0.00151,69448.62,0.003,69451.7,0.0116,69448.38,0.14423,69452.27,0.00016,69448.03,8e-05,69452.28,0.12453,69447.86,0.00872
69450.01,5.50381,69450.0,5.67735,69450.02,0.0004,69449.99,0.00016,69450.73,0.00251,69449.88,0.38545,69450.77,0.00266,69449.87,0.47557,69451.58,0.00015,69449.22,0.00055,69451.59,8e-05,69448.72,0.25746,69451.69,0.00151,69448.62,0.003,69451.7,0.0116,69448.38,0.14423,69452.27,0.00016,69448.03,8e-05,69452.28,0.12453,69447.86,0.00872
69450.01,5.50381,69450.0,5.67735,69450.02,0.0004,69449.99,0.00016,69450.73,0.00251,69449.88,0.38545,69450.77,0.00266,69449.87,0.47557,69451.58,0.00015,69449.22,8e-05,69451.59,8e-05,69448.72,0.25746,69451.69,0.00151,69448.62,0.003,69451.7,0.0116,69448.38,0.14423,69452.27,0.00016,69448.03,8e-05,69452.28,0.12453,69447.86,0.00872
69450.01,5.50389,69450.0,5.61956,69450.02,0.00048,69449.99,0.00024,69450.73,0.00251,69449.88,0.38545,69450.77,0.00266,69449.87,0.47557,69451.58,0.00015,69449.22,8e-05,69451.59,8e-05,69448.72,0.25738,69451.69,0.00151,69448.62,0.003,69451.7,0.0116,69448.03,8e-05,69452.27,0.00016,69447.86,0.00872,69452.28,0.12453,69447.7,0.1182
69450.01,5.50047,69450.0,5.62253,69450.02,0.0004,69449.99,0.00024,69450.73,0.00251,69449.88,0.38545,69450.77,0.00266,69449.87,0.47557,69451.58,0.00015,69449.22,8e-05,69451.59,8e-05,69448.72,0.25738,69451.69,0.00151,69448.62,0.003,69451.7,0.0116,69448.03,8e-05,69452.27,0.00016,69447.86,0.00872,69452.28,0.12453,69447.7,0.1182
69450.01,5.74509,69450.0,5.47859,69450.02,0.00024,69449.99,0.00024,69450.73,0.00251,69449.89,8e-05,69450.77,0.00266,69449.88,0.38545,69451.58,0.00015,69449.22,8e-05,69451.59,8e-05,69448.73,8e-05,69451.69,0.00143,69448.72,0.25746,69452.27,8e-05,69448.62,0.003,69452.28,8e-05,69448.36,8e-05,69452.6,8e-05,69448.35,0.47558
69450.01,5.74493,69450.0,5.42023,69450.02,0.00024,69449.99,0.00024,69450.73,0.00251,69449.89,8e-05,69450.77,0.00266,69449.88,0.38545,69451.58,0.00015,69449.22,8e-05,69451.59,8e-05,69448.73,8e-05,69451.69,0.00143,69448.72,0.25746,69452.6,8e-05,69448.62,0.003,69452.75,8e-05,69448.36,8e-05,69454.04,8e-05,69448.35,0.47558
69450.01,5.74493,69450.0,5.42023,69450.02,0.00024,69449.99,0.00024,69450.73,0.00251,69449.89,8e-05,69450.77,0.00266,69449.88,0.38545,69451.58,0.00015,69449.22,8e-05,69451.59,8e-05,69448.73,8e-05,69452.6,8e-05,69448.72,0.25746,69452.75,8e-05,69448.62,0.003,69454.04,8e-05,69448.36,8e-05,69454.05,8e-05,69448.35,0.47558
69450.01,5.74493,69450.0,5.42318,69450.02,0.00024,69449.99,0.00024,69450.73,0.00251,69449.89,8e-05,69450.77,0.00266,69449.88,0.38545,69451.58,0.00015,69449.22,8e-05,69451.59,8e-05,69448.73,8e-05,69452.6,8e-05,69448.72,0.25746,69452.75,8e-05,69448.62,0.003,69454.06,0.00015,69448.36,8e-05,69455.09,8e-05,69448.35,0.47558
69450.01,5.74405,69450.0,5.48154,69450.02,0.00024,69449.99,0.00024,69450.73,0.00251,69449.89,8e-05,69450.77,0.00266,69449.88,0.38553,69451.58,0.00015,69449.87,0.47557,69451.59,8e-05,69449.22,8e-05,69452.6,8e-05,69448.73,8e-05,69452.75,8e-05,69448.72,0.25738,69454.06,0.00015,69448.62,0.003,69455.09,8e-05,69448.03,8e-05
69450.01,5.74306,69450.0,5.48154,69450.02,0.00024,69449.99,0.00024,69450.73,0.00251,69449.89,8e-05,69450.77,0.00266,69449.88,0.38553,69451.58,0.00015,69449.87,0.47557,69451.59,8e-05,69449.22,8e-05,69452.6,8e-05,69448.73,8e-05,69452.75,8e-05,69448.72,0.25738,69454.06,0.00015,69448.62,0.003,69455.09,8e-05,69448.03,8e-05
69450.01,5.74306,69450.0,5.48473,69450.02,0.00024,69449.99,0.00024,69450.73,0.00251,69449.89,8e-05,69450.77,0.00266,69449.88,0.38553,69451.58,0.00015,69449.87,0.47557,69451.59,8e-05,69449.22,8e-05,69452.6,8e-05,69448.73,8e-05,69452.75,8e-05,69448.72,0.25738,69454.06,0.00015,69448.62,0.003,69455.09,8e-05,69448.03,8e-05
69450.01,5.77811,69450.0,4.70244,69450.02,0.00016,69449.99,0.00032,69450.73,0.00251,69449.89,8e-05,69450.77,0.00266,69449.88,0.38561,69451.58,0.00015,69449.87,0.00016,69451.59,8e-05,69449.22,8e-05,69452.59,0.0072,69448.73,8e-05,69452.6,8e-05,69448.72,0.12371,69452.75,8e-05,69448.62,0.003,69453.84,0.003,69448.03,8e-05
69450.01,5.77369,69450.0,4.38104,69450.02,0.00016,69449.99,0.0004,69450.36,0.003,69449.89,8e-05,69450.73,0.00251,69449.88,0.22946,69450.77,0.00266,69449.22,8e-05,69451.58,0.00015,69448.73,8e-05,69451.59,8e-05,69448.72,0.12363,69452.1,0.003,69447.86,0.00872,69452.58,8e-05,69447.69,0.00024,69452.59,0.00728,69447.34,8e-05
69450.01,5.77361,69450.0,3.96735,69450.02,0.00016,69449.99,0.00032,69450.36,0.003,69449.89,8e-05,69450.73,0.00251,69449.88,0.13309,69450.77,0.00266,69449.22,8e-05,69451.58,0.00015,69448.73,8e-05,69451.59,8e-05,69448.72,0.12371,69452.1,0.003,69447.86,0.00872,69452.58,8e-05,69447.69,0.00016,69452.59,0.00728,69447.55,0.01016
69450.01,5.79437,69450.0,2.85556,69450.02,8e-05,69449.99,0.00032,69450.36,0.003,69449.22,8e-05,69450.73,0.00251,69448.74,0.00016,69450.77,0.00266,69448.73,0.12139,69450.79,8e-05,69448.72,0.12363,69451.58,0.00015,69447.87,8e-05,69451.59,8e-05,69447.86,0.00872,69452.1,0.003,69447.69,0.00016,69452.6,8e-05,69447.56,8e-05
69450.01,6.73071,69450.0,0.23076,69450.02,8e-05,69449.99,0.00032,69450.36,0.003,69449.22,8e-05,69450.61,0.05287,69448.74,8e-05,69450.73,0.00251,69448.73,8e-05,69450.79,8e-05,69448.72,8e-05,69451.58,0.00015,69447.81,8e-05,69451.59,8e-05,69447.69,0.00016,69452.1,0.003,69447.56,8e-05,69452.6,8e-05,69447.55,0.01016
69450.01,6.73079,69450.0,0.67852,69450.02,8e-05,69449.99,0.00032,69450.36,0.003,69449.22,8e-05,69450.6,0.0167,69448.74,8e-05,69450.61,0.05295,69448.73,8e-05,69450.73,0.00251,69448.72,8e-05,69450.79,8e-05,69447.81,8e-05,69451.58,0.00015,69447.69,0.00016,69451.59,8e-05,69447.56,8e-05,69451.98,0.00872,69447.55,0.01016
69450.01,6.73079,69450.0,0.23091,69450.02,8e-05,69449.99,0.00032,69450.36,0.003,69449.41,8e-05,69450.6,0.0167,69449.22,8e-05,69450.61,0.05295,69447.69,0.00016,69450.73,0.00251,69447.56,8e-05,69450.79,8e-05,69447.55,0.01016,69451.58,0.00015,69446.55,8e-05,69451.59,8e-05,69445.69,0.00016,69451.98,0.00872,69445.68,0.00136
69450.01,7.17076,69450.0,0.67784,69450.02,8e-05,69449.99,0.00024,69450.36,0.003,69449.22,8e-05,69450.6,0.0167,69447.69,0.00016,69450.61,0.05295,69447.56,8e-05,69450.73,0.00251,69447.55,0.01016,69450.79,8e-05,69446.55,8e-05,69451.57,0.00728,69445.69,0.00016,69451.58,0.00015,69445.68,0.00136,69451.59,8e-05,69445.43,8e-05
69450.01,7.17046,69450.0,0.67854,69450.02,8e-05,69449.99,0.00024,69450.36,0.003,69449.22,8e-05,69450.6,0.0167,69447.69,0.00016,69450.61,0.05295,69447.56,8e-05,69450.73,0.00251,69447.55,0.01016,69450.79,8e-05,69446.55,8e-05,69451.49,0.0144,69445.69,0.00016,69451.57,0.00728,69445.68,0.00136,69451.58,0.00015,69445.43,8e-05
69450.01,7.17021,69450.0,0.67854,69450.02,8e-05,69449.99,0.00024,69450.36,0.003,69449.22,8e-05,69450.6,0.0167,69447.69,0.00016,69450.61,0.05295,69447.56,8e-05,69450.73,0.00251,69447.55,0.01016,69450.79,8e-05,69446.55,8e-05,69451.49,0.01448,69445.69,0.00016,69451.57,0.00728,69445.68,0.00136,69451.58,0.00015,69445.43,8e-05
69450.01,7.17021,69450.0,0.6787,69450.02,8e-05,69449.99,0.00024,69450.36,0.003,69449.22,8e-05,69450.6,0.0167,69447.69,0.00016,69450.61,0.05295,69447.67,0.00016,69450.73,0.00251,69447.66,0.12461,69450.79,8e-05,69447.56,8e-05,69451.49,8e-05,69447.55,0.01016,69451.57,0.00728,69446.55,8e-05,69451.58,0.00015,69445.69,0.00016
69450.01,7.17021,69450.0,0.6787,69450.02,8e-05,69449.99,0.00024,69450.36,0.003,69449.22,8e-05,69450.6,0.0167,69447.69,0.00016,69450.61,0.05295,69447.67,0.00016,69450.73,0.00251,69447.66,0.12461,69450.79,8e-05,69447.56,8e-05,69451.57,0.00728,69447.55,0.01016,69451.58,0.00015,69446.55,8e-05,69451.59,8e-05,69445.69,0.00016
69450.01,7.17021,69450.0,0.23071,69450.02,8e-05,69449.99,0.00024,69450.36,0.003,69449.22,8e-05,69450.6,0.0167,69447.69,0.00016,69450.61,0.05295,69447.67,0.00016,69450.73,0.00251,69447.66,0.12461,69450.79,8e-05,69447.56,8e-05,69451.57,0.00728,69447.55,0.01016,69451.58,0.00015,69446.55,8e-05,69451.59,8e-05,69445.69,0.00016
69450.01,8.28908,69450.0,0.67799,69450.02,8e-05,69449.99,0.00032,69450.36,0.003,69449.41,8e-05,69450.6,0.0167,69449.22,8e-05,69450.61,0.05303,69447.69,0.00016,69450.73,0.00251,69447.56,8e-05,69450.79,8e-05,69447.55,0.01016,69451.58,0.00015,69446.55,8e-05,69451.59,8e-05,69446.54,0.00016,69451.85,0.00144,69445.69,0.00016
69450.01,8.28908,69450.0,0.67763,69450.02,8e-05,69449.99,0.00032,69450.36,0.003,69449.22,8e-05,69450.6,0.0167,69447.69,0.00049,69450.61,0.05303,69447.56,8e-05,69450.73,0.00251,69447.55,0.01016,69450.79,8e-05,69446.55,8e-05,69451.58,0.00015,69445.69,0.00016,69451.59,8e-05,69445.68,0.00136,69451.85,0.00144,69445.43,8e-05
69450.01,8.28908,69450.0,0.68189,69450.02,8e-05,69449.99,0.00032,69450.36,0.003,69449.22,8e-05,69450.6,0.0167,69447.69,0.00049,69450.61,0.05303,69447.56,8e-05,69450.73,0.00251,69447.55,0.01016,69450.79,8e-05,69447.53,8e-05,69451.58,0.00015,69447.52,0.12445,69451.59,8e-05,69446.55,8e-05,69451.85,0.00144,69445.69,0.00016
69450.01,8.28908,69450.0,0.68189,69450.02,8e-05,69449.99,0.00032,69450.36,0.003,69449.22,8e-05,69450.6,0.0167,69447.69,0.00049,69450.61,0.05303,69447.56,8e-05,69450.73,0.00251,69447.55,0.01016,69450.79,8e-05,69447.53,8e-05,69451.58,0.00015,69447.52,0.12461,69451.59,8e-05,69446.55,8e-05,69451.85,0.00144,69445.69,0.00016
69450.01,8.3006,69450.0,0.6832,69450.02,8e-05,69449.99,0.0004,69450.36,0.003,69449.22,8e-05,69450.6,0.0167,69447.69,0.00049,69450.61,0.05303,69447.56,8e-05,69450.73,0.00251,69447.55,0.01016,69450.79,8e-05,69447.53,0.01176,69451.58,0.00015,69447.52,0.12461,69451.59,8e-05,69446.55,8e-05,69451.85,0.00144,69445.69,0.00016
69450.01,8.3006,69450.0,0.23559,69450.02,8e-05,69449.99,0.0004,69450.36,0.003,69449.41,8e-05,69450.6,0.0167,69449.22,8e-05,69450.61,0.05303,69447.69,0.00016,69450.73,0.00251,69447.56,8e-05,69450.79,8e-05,69447.55,0.01016,69451.58,0.00015,69447.53,0.01176,69451.59,8e-05,69447.52,0.12461,69451.85,0.00144,69446.55,8e-05
69450.01,8.32836,69450.0,0.68355,69450.02,8e-05,69449.99,0.0004,69450.36,0.003,69449.22,8e-05,69450.6,0.0167,69447.69,0.00016,69450.61,0.05303,69447.56,8e-05,69450.73,0.00251,69447.55,0.01016,69450.79,8e-05,69447.53,0.01176,69451.58,0.00015,69447.52,0.12461,69451.59,8e-05,69446.55,8e-05,69451.85,0.00144,69445.69,0.00016
69450.01,8.32108,69450.0,0.68411,69450.02,8e-05,69449.99,0.0004,69450.36,0.003,69449.22,8e-05,69450.59,8e-05,69447.69,0.00016,69450.6,0.01678,69447.56,8e-05,69450.61,0.05303,69447.55,0.01016,69450.73,0.00251,69447.54,8e-05,69450.79,8e-05,69447.53,0.13438,69451.57,0.00728,69447.52,0.12461,69451.58,0.00015,69446.55,8e-05
69450.01,8.31598,69450.0,0.68341,69450.02,8e-05,69449.99,0.0004,69450.36,0.003,69449.22,8e-05,69450.59,8e-05,69447.69,0.00016,69450.6,0.01678,69447.56,8e-05,69450.61,0.05303,69447.55,0.01016,69450.73,0.00251,69447.54,8e-05,69450.79,8e-05,69447.53,0.13441,69451.57,0.00728,69447.52,0.12461,69451.58,0.00015,69446.55,8e-05
69450.01,8.31598,69450.0,0.68585,69450.02,8e-05,69449.99,0.0004,69450.36,0.003,69449.22,8e-05,69450.59,8e-05,69447.69,0.00016,69450.6,0.01678,69447.56,8e-05,69450.61,0.05303,69447.55,0.01016,69450.73,0.00251,69447.54,8e-05,69450.79,8e-05,69447.53,0.13441,69451.57,0.00728,69447.52,0.12461,69451.58,0.00015,69446.55,8e-05
69450.01,8.31533,69450.0,0.68578,69450.02,8e-05,69449.99,0.00048,69450.36,0.003,69449.22,8e-05,69450.59,8e-05,69448.42,8e-05,69450.6,0.01678,69448.41,0.01016,69450.61,0.05303,69447.69,0.00016,69450.73,0.00251,69447.54,8e-05,69450.79,8e-05,69447.53,0.13441,69451.57,0.00728,69447.52,0.12461,69451.58,0.00015,69446.55,8e-05
69450.01,8.31533,69450.0,0.69914,69450.02,8e-05,69449.99,0.00048,69450.36,0.003,69449.22,8e-05,69450.59,8e-05,69448.42,8e-05,69450.6,0.01678,69448.41,0.01016,69450.61,0.05303,69448.03,8e-05,69450.73,0.00251,69447.69,0.00016,69450.79,8e-05,69447.54,8e-05,69451.57,0.00728,69447.53,0.13441,69451.58,0.00015,69447.52,0.12461
69450.01,8.31533,69450.0,0.69845,69450.02,8e-05,69449.99,0.00048,69450.36,0.003,69449.22,8e-05,69450.59,8e-05,69448.42,8e-05,69450.6,0.01678,69448.41,0.01016,69450.61,0.05303,69448.03,8e-05,69450.73,0.00251,69447.69,0.00016,69450.79,8e-05,69447.54,8e-05,69451.57,0.00728,69447.53,0.13441,69451.58,0.00015,69447.52,0.12461
69450.01,8.31533,69450.0,0.69845,69450.02,8e-05,69449.99,0.00048,69450.36,0.003,69449.22,8e-05,69450.59,8e-05,69448.42,8e-05,69450.6,0.01678,69448.41,0.01016,69450.61,0.05303,69448.03,8e-05,69450.73,0.00251,69447.69,0.00016,69450.79,8e-05,69447.54,8e-05,69451.57,0.00728,69447.53,0.13441,69451.58,0.00015,69447.52,0.12461
69450.01,8.25765,69450.0,0.69845,69450.02,8e-05,69449.99,0.00048,69450.36,0.003,69449.22,8e-05,69450.59,8e-05,69448.42,8e-05,69450.6,0.01678,69448.41,0.01016,69450.61,0.05303,69448.03,8e-05,69450.73,0.00251,69447.69,0.00016,69450.79,8e-05,69447.54,8e-05,69451.57,0.00728,69447.53,0.13441,69451.58,0.00015,69447.52,0.12461
69450.01,8.25765,69450.0,0.69413,69450.02,8e-05,69449.99,0.00048,69450.36,0.003,69449.22,8e-05,69450.59,8e-05,69448.42,8e-05,69450.6,0.01678,69448.41,0.01016,69450.61,0.05303,69448.03,8e-05,69450.73,0.00251,69447.69,0.00016,69450.79,8e-05,69447.54,8e-05,69451.57,0.00728,69447.53,0.13441,69451.58,0.00015,69447.52,0.12461
69450.01,8.25765,69450.0,0.69042,69450.02,8e-05,69449.99,0.00048,69450.36,0.003,69449.22,8e-05,69450.59,8e-05,69448.42,8e-05,69450.6,0.01678,69448.41,0.01016,69450.61,0.05303,69448.03,8e-05,69450.73,0.00251,69447.69,0.00016,69450.79,8e-05,69447.54,8e-05,69451.57,0.00728,69447.53,0.13441,69451.58,0.00015,69447.52,0.12461
69450.01,8.25478,69450.0,0.68985,69450.02,8e-05,69449.99,0.00048,69450.36,0.003,69449.22,8e-05,69450.59,8e-05,69448.42,8e-05,69450.6,0.01678,69448.41,0.01016,69450.61,0.05303,69448.03,8e-05,69450.73,0.00251,69447.69,0.00016,69450.79,8e-05,69447.54,8e-05,69451.57,0.00728,69447.53,0.13441,69451.58,0.00015,69447.52,0.12461
69450.01,8.25478,69450.0,0.68987,69450.02,8e-05,69449.99,0.00048,69450.36,0.003,69449.22,8e-05,69450.59,8e-05,69448.42,8e-05,69450.6,0.01678,69448.41,0.01016,69450.61,0.05303,69448.03,8e-05,69450.73,0.00251,69447.69,0.00016,69450.79,8e-05,69447.54,8e-05,69451.57,0.00728,69447.53,0.13441,69451.58,0.00015,69447.52,0.12461
69450.01,8.24609,69450.0,0.68987,69450.02,8e-05,69449.99,0.00048,69450.36,0.003,69449.22,8e-05,69450.59,8e-05,69448.42,8e-05,69450.6,0.01678,69448.41,0.01016,69450.61,0.05303,69448.03,8e-05,69450.73,0.00251,69447.87,0.12447,69450.79,8e-05,69447.69,0.00016,69451.57,0.00728,69447.54,8e-05,69451.58,0.00015,69447.53,0.13441
69450.01,8.24609,69450.0,0.68938,69450.02,8e-05,69449.99,0.00048,69450.36,0.003,69449.22,8e-05,69450.59,8e-05,69448.42,8e-05,69450.6,0.01678,69448.41,0.01016,69450.61,0.05303,69448.03,8e-05,69450.73,0.00251,69447.88,8e-05,69450.79,8e-05,69447.87,0.12463,69451.57,0.00728,69447.69,0.00016,69451.58,0.00015,69447.54,8e-05
69450.01,8.24609,69450.0,0.68938,69450.02,8e-05,69449.99,0.00048,69450.36,0.003,69449.22,8e-05,69450.59,8e-05,69448.42,8e-05,69450.6,0.01678,69448.41,0.01016,69450.61,0.05303,69448.03,8e-05,69450.73,0.00251,69447.88,8e-05,69450.79,8e-05,69447.87,0.12463,69451.57,0.00728,69447.69,0.00016,69451.58,0.00015,69447.54,8e-05
69450.01,8.12708,69450.0,0.68923,69450.02,8e-05,69449.99,0.00048,69450.36,0.003,69449.22,8e-05,69450.59,8e-05,69448.42,8e-05,69450.6,0.01678,69448.41,0.01016,69450.61,0.05303,69448.03,8e-05,69450.73,0.00251,69447.88,8e-05,69450.79,8e-05,69447.87,0.12463,69451.57,0.00728,69447.69,0.00016,69451.58,0.00015,69447.54,8e-05
69450.01,8.12684,69450.0,0.68923,69450.02,8e-05,69449.99,0.00048,69450.36,0.003,69449.22,8e-05,69450.59,8e-05,69448.42,8e-05,69450.6,0.01678,69448.41,0.01016,69450.61,0.05303,69448.03,8e-05,69450.73,0.00251,69447.88,8e-05,69450.79,8e-05,69447.87,0.12463,69451.57,0.00728,69447.69,0.00016,69451.58,0.00015,69447.54,8e-05
69450.01,8.12684,69450.0,0.68911,69450.02,8e-05,69449.99,0.00048,69450.36,0.003,69449.22,8e-05,69450.59,8e-05,69448.42,8e-05,69450.6,0.01678,69448.41,0.01016,69450.61,0.05303,69448.03,8e-05,69450.73,0.00251,69447.88,8e-05,69450.79,8e-05,69447.87,0.12463,69451.57,0.00728,69447.69,0.00016,69451.58,0.00015,69447.54,8e-05
69450.01,8.12684,69450.0,0.68911,69450.02,8e-05,69449.99,0.00048,69450.36,0.003,69449.22,8e-05,69450.59,8e-05,69448.42,8e-05,69450.6,0.01678,69448.41,0.01016,69450.61,0.05303,69448.03,8e-05,69450.73,0.00251,69447.88,8e-05,69450.79,8e-05,69447.87,0.12463,69451.57,0.00728,69447.69,0.00016,69451.58,0.00015,69447.54,8e-05
69450.01,8.12684,69450.0,0.68911,69450.02,8e-05,69449.99,0.00048,69450.36,0.003,69449.22,8e-05,69450.59,8e-05,69448.42,8e-05,69450.6,0.01678,69448.41,0.01016,69450.61,0.05303,69448.03,8e-05,69450.73,0.00251,69447.88,8e-05,69450.79,8e-05,69447.87,0.12463,69451.57,0.00728,69447.69,0.00016,69451.58,0.00015,69447.54,8e-05
69450.01,8.13868,69450.0,0.24126,69450.02,8e-05,69449.99,0.0004,69450.36,0.003,69449.22,8e-05,69450.6,0.0167,69448.03,8e-05,69450.61,0.05303,69447.88,8e-05,69450.73,0.00251,69447.87,0.00016,69450.79,8e-05,69447.69,0.00016,69451.58,0.00015,69447.53,0.00016,69451.59,8e-05,69447.5,8e-05,69451.75,0.00797,69447.49,0.01016
69450.01,8.13868,69450.0,0.68575,69450.02,8e-05,69449.99,0.0004,69450.36,0.003,69449.22,8e-05,69450.6,0.0167,69447.69,0.00016,69450.61,0.05303,69447.5,8e-05,69450.73,0.00251,69447.49,0.01016,69450.79,8e-05,69446.55,8e-05,69451.58,0.00015,69445.69,0.00024,69451.59,8e-05,69445.68,0.13751,69451.75,0.00805,69445.43,8e-05
69450.01,8.12853,69450.0,0.68443,69450.02,8e-05,69449.99,0.0004,69450.36,0.003,69449.22,8e-05,69450.6,0.0167,69447.69,0.00016,69450.61,0.05303,69446.55,8e-05,69450.73,0.00251,69445.7,0.00016,69450.79,8e-05,69445.69,0.0892,69451.58,0.00015,69445.68,0.13751,69451.59,8e-05,69445.43,8e-05,69451.75,0.00805,69445.42,8e-05
69450.01,8.12853,69450.0,0.68443,69450.02,8e-05,69449.99,0.0004,69450.36,0.003,69449.22,8e-05,69450.6,0.0167,69447.69,0.00016,69450.61,0.05311,69446.55,8e-05,69450.73,0.00251,69445.7,0.00016,69450.79,8e-05,69445.69,0.0892,69451.58,0.00015,69445.68,0.13751,69451.59,8e-05,69445.43,8e-05,69451.75,0.00805,69445.42,8e-05
69450.01,8.12853,69450.0,0.67927,69450.02,8e-05,69449.99,0.0004,69450.35,8e-05,69449.22,8e-05,69450.36,0.003,69447.69,0.00016,69450.6,0.0167,69446.55,8e-05,69450.61,0.05311,69445.7,0.00016,69450.73,0.00251,69445.69,0.0892,69450.79,8e-05,69445.68,0.13751,69451.58,0.00015,69445.43,8e-05,69451.59,8e-05,69445.42,8e-05
69450.01,8.12816,69450.0,0.219,69450.02,8e-05,69449.99,0.0004,69450.36,0.003,69449.22,8e-05,69450.6,0.0167,69447.69,0.00016,69450.61,0.05311,69446.55,8e-05,69450.73,0.00251,69445.7,8e-05,69450.79,8e-05,69445.69,0.15912,69451.58,0.00015,69445.68,0.13751,69451.59,8e-05,69445.43,8e-05,69451.75,0.00805,69445.42,8e-05
69450.01,8.57591,69450.0,0.66697,69450.02,8e-05,69449.99,0.0004,69450.36,0.003,69449.22,8e-05,69450.6,0.0167,69447.69,0.00016,69450.61,0.05311,69446.55,8e-05,69450.73,0.00251,69446.15,8e-05,69450.79,8e-05,69445.7,0.00016,69451.58,0.00015,69445.69,0.08928,69451.59,8e-05,69445.68,0.13751,69451.75,0.00805,69445.43,8e-05
69450.01,8.13111,69450.0,0.66675,69450.02,8e-05,69449.99,0.00048,69450.35,0.00728,69449.22,8e-05,69450.36,0.003,69447.69,0.00016,69450.6,0.0167,69447.44,0.01008,69450.61,0.05311,69446.55,0.00037,69450.73,0.00251,69445.7,0.00016,69450.79,8e-05,69445.69,0.08928,69451.58,0.00015,69445.68,0.13751,69451.59,8e-05,69445.43,8e-05
69450.01,8.58591,69450.0,0.67078,69450.02,8e-05,69449.99,0.00048,69450.36,0.003,69449.22,8e-05,69450.6,0.0167,69447.69,0.00016,69450.61,0.05311,69447.44,0.01016,69450.73,0.00251,69446.55,0.00037,69450.79,8e-05,69445.7,8e-05,69451.58,0.00015,69445.69,0.00032,69451.59,8e-05,69445.68,0.13751,69451.75,0.00805,69445.43,8e-05
69450.01,8.58224,69450.0,0.67062,69450.02,8e-05,69449.99,0.00048,69450.36,0.003,69449.22,8e-05,69450.6,0.0167,69447.69,0.00016,69450.61,0.05311,69447.44,0.01016,69450.73,0.00251,69446.55,0.00037,69450.79,8e-05,69445.7,8e-05,69451.58,0.00015,69445.69,0.00032,69451.59,8e-05,69445.68,0.13751,69451.75,0.00805,69445.43,8e-05
69450.01,8.58224,69450.0,0.67051,69450.02,8e-05,69449.99,0.00048,69450.36,0.003,69449.22,8e-05,69450.6,0.0167,69447.69,0.00016,69450.61,0.05311,69447.44,0.01016,69450.73,0.00251,69446.55,0.00037,69450.79,8e-05,69445.7,0.00016,69451.58,0.00015,69445.69,0.08928,69451.59,8e-05,69445.68,0.13751,69451.75,0.00805,69445.43,8e-05
69450.01,8.58224,69450.0,0.67017,69450.02,8e-05,69449.99,0.00048,69450.36,0.003,69449.22,8e-05,69450.6,0.0167,69447.69,0.00016,69450.61,0.05311,69447.44,0.01016,69450.73,0.00251,69446.55,0.00037,69450.79,8e-05,69445.7,0.00016,69451.58,0.00015,69445.69,0.08928,69451.59,8e-05,69445.68,0.13751,69451.75,0.00805,69445.43,8e-05
69450.01,8.12744,69450.0,0.67033,69450.02,8e-05,69449.99,0.00056,69450.36,0.003,69449.22,8e-05,69450.59,0.0072,69447.69,0.00016,69450.6,0.0167,69447.44,0.01016,69450.61,0.05311,69446.76,0.00039,69450.73,0.00251,69446.75,0.13615,69450.79,8e-05,69446.55,8e-05,69451.58,0.00015,69445.7,0.00016,69451.59,8e-05,69445.69,0.08928
69450.01,8.11744,69450.0,0.6668,69450.02,8e-05,69449.99,0.00048,69450.36,0.003,69449.22,8e-05,69450.59,0.00728,69447.69,0.00016,69450.6,0.0167,69446.76,0.00039,69450.61,0.05311,69446.75,0.13615,69450.73,0.00251,69446.55,8e-05,69450.79,8e-05,69445.7,0.00016,69451.58,0.00015,69445.69,0.08928,69451.59,8e-05,69445.68,0.13751
69450.01,8.11744,69450.0,0.66669,69450.02,8e-05,69449.99,0.00048,69450.36,0.003,69449.22,8e-05,69450.59,0.00728,69447.69,0.00016,69450.6,0.0167,69446.76,0.00039,69450.61,0.05311,69446.75,0.13615,69450.73,0.00251,69446.55,8e-05,69450.79,8e-05,69445.7,0.00016,69451.58,0.00015,69445.69,0.08928,69451.59,8e-05,69445.68,0.13751
69450.01,8.13464,69450.0,0.66311,69450.02,8e-05,69449.99,0.00056,69450.36,0.003,69449.22,8e-05,69450.59,8e-05,69447.69,0.00016,69450.6,0.0167,69447.44,0.01008,69450.61,0.05311,69446.76,0.00039,69450.73,0.00251,69446.75,0.13615,69450.79,8e-05,69446.55,8e-05,69451.58,0.00015,69445.7,0.00016,69451.59,8e-05,69445.69,0.08928
69450.01,8.13464,69450.0,0.66382,69450.02,8e-05,69449.99,0.00056,69450.36,0.003,69449.22,8e-05,69450.6,0.0167,69447.69,0.00016,69450.61,0.05311,69447.44,0.01008,69450.73,0.00251,69446.76,0.00039,69450.79,8e-05,69446.75,0.13615,69451.58,0.00015,69446.55,8e-05,69451.59,8e-05,69445.7,0.00016,69451.75,0.00805,69445.69,0.08928
69450.01,8.13464,69450.0,0.6766,69450.02,8e-05,69449.99,0.00056,69450.36,0.003,69449.22,8e-05,69450.6,0.0167,69447.69,0.00016,69450.61,0.05311,69447.44,0.01008,69450.73,0.00251,69446.76,0.00039,69450.79,8e-05,69446.75,0.13615,69451.58,0.00015,69446.55,8e-05,69451.59,8e-05,69445.7,0.00016,69451.75,0.00805,69445.69,0.08928
69450.01,8.13464,69450.0,0.6766,69450.02,8e-05,69449.99,0.00056,69450.36,0.003,69449.22,8e-05,69450.6,0.0167,69447.69,0.00016,69450.61,0.05311,69447.44,0.01008,69450.73,0.00251,69446.76,0.00039,69450.79,8e-05,69446.75,0.13615,69451.58,0.00015,69446.55,8e-05,69451.59,8e-05,69445.7,0.00016,69451.75,0.00805,69445.69,0.08928
69450.01,9.02999,69450.0,0.18514,69450.02,8e-05,69449.99,0.00048,69450.36,0.003,69449.41,8e-05,69450.6,0.0167,69449.22,8e-05,69450.61,0.05311,69447.69,0.00016,69450.73,0.00251,69447.44,0.01016,69450.79,8e-05,69446.55,8e-05,69451.58,0.00015,69445.71,8e-05,69451.59,8e-05,69445.7,0.07024,69451.75,0.00805,69445.69,0.00032
69447.45,6.73585,69447.44,0.446,69447.46,8e-05,69447.43,0.00048,69447.7,0.27752,69446.55,8e-05,69448.62,0.003,69445.7,0.00016,69449.22,8e-05,69445.69,0.00024,69449.41,0.00736,69445.68,8e-05,69449.42,0.25059,69445.43,8e-05,69449.99,1.591,69445.42,8e-05,69450.0,0.04008,69445.41,8e-05,69450.01,4.88667,69445.4,8e-05
69447.45,6.73593,69447.44,0.446,69447.46,8e-05,69447.43,0.00048,69447.7,0.27752,69446.55,8e-05,69448.62,0.003,69445.7,0.00016,69449.22,8e-05,69445.69,0.00024,69449.41,0.00736,69445.68,8e-05,69449.42,0.25059,69445.43,8e-05,69449.99,1.591,69445.42,8e-05,69450.0,0.04008,69445.41,8e-05,69450.01,4.88667,69445.4,8e-05
69445.4,6.00537,69445.39,1.15344,69445.41,8e-05,69445.38,0.00079,69445.69,8e-05,69445.32,8e-05,69446.88,0.003,69445.24,0.00016,69447.42,8e-05,69445.01,0.00016,69447.43,0.00024,69445.0,0.03024,69447.44,0.54763,69444.62,8e-05,69447.45,0.00189,69444.46,0.00013,69447.7,0.02349,69444.45,0.00131,69448.62,0.003,69444.17,0.00016
69445.4,7.38468,69445.39,0.14002,69445.41,8e-05,69445.38,0.00055,69445.69,8e-05,69445.32,8e-05,69446.07,0.05295,69445.24,0.00016,69446.88,0.003,69445.01,0.00016,69447.43,0.1712,69445.0,0.03024,69447.44,0.54779,69444.62,8e-05,69447.45,8e-05,69444.55,8e-05,69447.7,0.02341,69444.46,0.00013,69448.62,0.003,69444.45,0.00131
69445.4,7.83243,69445.39,0.13978,69445.41,8e-05,69445.38,0.00055,69445.69,8e-05,69445.32,8e-05,69445.95,0.02008,69445.24,0.00016,69446.07,0.05295,69445.01,0.00016,69446.88,0.003,69445.0,0.03024,69447.43,0.1712,69444.62,8e-05,69447.44,0.54787,69444.55,8e-05,69447.45,8e-05,69444.46,0.00013,69447.7,0.02341,69444.45,0.00131
69445.4,8.72793,69445.39,0.14006,69445.41,8e-05,69445.38,0.00055,69445.69,8e-05,69445.32,8e-05,69445.95,0.02008,69445.25,8e-05,69446.07,0.05295,69445.24,0.00016,69446.51,0.00864,69445.01,0.00016,69446.63,8e-05,69445.0,0.03024,69446.88,0.003,69444.62,8e-05,69447.43,0.1712,69444.55,8e-05,69447.44,0.54787,69444.46,0.00013
69445.4,9.16338,69445.39,0.59044,69445.41,8e-05,69445.38,0.00063,69445.69,8e-05,69445.32,8e-05,69445.95,0.02008,69445.24,0.00016,69446.07,0.05295,69445.01,0.00016,69446.51,0.00872,69445.0,0.03024,69446.63,8e-05,69444.62,8e-05,69446.88,0.003,69444.55,8e-05,69447.43,0.1712,69444.46,0.00013,69447.44,0.54787,69444.45,0.00131
69446.51,0.0799,69446.5,6.14581,69446.52,0.00064,69446.49,0.00016,69447.43,0.00016,69445.69,8e-05,69447.44,0.00032,69445.41,2.2052,69447.45,8e-05,69445.4,5.82876,69447.69,8e-05,69445.39,0.33297,69447.7,0.0088,69445.38,0.00031,69448.6,8e-05,69445.32,8e-05,69448.61,8e-05,69445.24,0.00016,69448.62,8e-05,69445.2,0.00782
69450.01,5.44148,69450.0,5.55872,69450.02,0.00048,69449.99,0.00016,69450.61,8e-05,69449.22,8e-05,69450.73,0.00251,69448.62,0.003,69451.58,0.00015,69447.81,8e-05,69451.59,8e-05,69447.69,0.04744,69452.27,0.00016,69446.88,0.003,69452.28,0.0146,69446.52,1.81655,69452.58,0.00054,69446.5,0.05024,69452.6,8e-05,69445.7,0.00938
69450.01,5.45548,69450.0,5.55872,69450.02,0.00064,69449.99,0.00016,69450.61,8e-05,69449.22,8e-05,69450.73,0.00251,69448.62,0.013,69451.58,0.00015,69448.03,8e-05,69451.59,8e-05,69447.81,8e-05,69452.27,8e-05,69447.69,0.06968,69452.28,0.00016,69446.88,0.003,69452.29,0.01466,69446.52,1.81655,69452.58,0.00054,69446.5,0.04024
69450.01,5.45526,69450.0,5.5547,69450.02,0.00064,69449.99,0.00016,69450.61,8e-05,69449.22,8e-05,69450.73,0.00251,69448.62,0.01316,69451.58,0.00015,69448.03,8e-05,69451.59,8e-05,69447.69,0.06968,69452.27,8e-05,69446.88,0.003,69452.28,0.00016,69446.52,1.81655,69452.29,0.01466,69446.5,0.04024,69452.58,0.00054,69445.7,0.00038
69450.01,5.45494,69450.0,5.55487,69450.02,0.00048,69449.99,0.00016,69450.61,8e-05,69449.22,8e-05,69450.73,0.00251,69448.62,0.01316,69451.58,0.00015,69448.03,8e-05,69451.59,8e-05,69447.69,0.06248,69452.27,8e-05,69446.88,0.003,69452.28,0.00016,69446.52,1.81655,69452.29,0.01466,69446.5,0.04024,69452.58,0.00054,69445.69,0.0004
69450.01,5.45494,69450.0,5.55487,69450.02,0.00048,69449.99,0.00016,69450.61,8e-05,69449.22,8e-05,69450.73,0.00251,69448.62,0.01316,69451.58,0.00015,69448.03,8e-05,69451.59,8e-05,69447.69,0.06248,69452.27,8e-05,69446.88,0.003,69452.28,0.00016,69446.52,1.81655,69452.29,0.01466,69446.5,0.04024,69452.58,0.00054,69445.7,0.01048
69450.01,5.45494,69450.0,5.58215,69450.02,0.00048,69449.99,0.00016,69450.61,8e-05,69449.86,0.00783,69450.73,0.00251,69449.22,8e-05,69451.58,0.00015,69448.62,0.01316,69451.59,8e-05,69448.03,8e-05,69452.27,8e-05,69447.69,0.06248,69452.28,0.00016,69446.88,0.003,69452.29,0.01466,69446.52,1.81655,69452.58,0.00054,69446.5,0.04024
69450.01,5.45518,69450.0,5.06513,69450.02,0.00056,69449.99,0.00016,69450.61,8e-05,69449.86,0.00783,69450.73,0.00251,69449.22,8e-05,69451.58,0.00015,69448.62,0.01316,69451.59,8e-05,69448.03,8e-05,69452.27,8e-05,69447.69,0.06248,69452.28,0.00016,69446.88,0.003,69452.29,0.01466,69446.52,1.81655,69452.58,0.00054,69446.5,0.04024
69450.01,5.45526,69450.0,5.1897,69450.02,0.00064,69449.99,0.00024,69450.61,8e-05,69449.86,0.00791,69450.73,0.00251,69449.22,8e-05,69451.58,0.00015,69448.62,0.01316,69451.59,8e-05,69448.03,8e-05,69452.27,8e-05,69447.69,0.06248,69452.28,0.00016,69446.88,0.003,69452.29,0.01466,69446.52,1.81655,69452.58,0.00054,69446.5,0.04024
69450.01,5.45526,69450.0,5.1897,69450.02,0.00064,69449.99,0.00024,69450.61,8e-05,69449.86,0.00791,69450.73,0.00251,69449.22,8e-05,69451.58,0.00015,69448.62,0.01316,69451.59,8e-05,69448.03,8e-05,69452.27,8e-05,69447.69,0.06248,69452.28,0.00016,69446.88,0.003,69452.29,0.01466,69446.52,1.81655,69452.58,0.00054,69446.5,0.04024
69450.01,5.39316,69450.0,5.18954,69450.02,0.00064,69449.99,0.00024,69450.61,8e-05,69449.86,0.00791,69450.73,0.00251,69449.22,8e-05,69451.58,0.00015,69448.62,0.01316,69451.59,8e-05,69448.03,8e-05,69452.27,8e-05,69447.69,0.06248,69452.28,0.00016,69446.88,0.003,69452.29,0.01466,69446.52,1.81655,69452.58,0.00054,69446.5,0.04024
69450.01,5.39316,69450.0,5.18939,69450.02,0.00064,69449.99,0.00024,69450.61,8e-05,69449.86,0.00791,69450.73,0.00251,69449.22,8e-05,69451.58,0.00015,69448.62,0.01316,69451.59,8e-05,69448.03,8e-05,69452.27,8e-05,69447.69,0.06248,69452.28,0.00016,69446.88,0.003,69452.29,0.01466,69446.52,1.81655,69452.58,0.00054,69446.5,0.04024
69450.01,5.39316,69450.0,5.18521,69450.02,0.00064,69449.99,0.00024,69450.61,8e-05,69449.86,0.00791,69450.73,0.00251,69449.22,8e-05,69451.58,0.00015,69448.62,0.01316,69451.59,8e-05,69448.03,8e-05,69452.27,8e-05,69447.69,0.06248,69452.28,0.00016,69446.88,0.003,69452.29,0.01466,69446.52,1.81655,69452.58,0.00054,69446.5,0.04024
69450.01,5.39316,69450.0,5.18464,69450.02,0.00064,69449.99,0.00024,69450.61,8e-05,69449.86,0.00791,69450.73,0.00251,69449.22,8e-05,69451.58,0.00015,69448.62,0.01316,69451.59,8e-05,69448.03,8e-05,69452.27,8e-05,69447.69,0.06248,69452.28,0.00016,69446.88,0.003,69452.29,0.01466,69446.52,1.81655,69452.58,0.00054,69446.5,0.04024
69450.01,5.39354,69450.0,5.18197,69450.02,0.00064,69449.99,0.00024,69450.61,8e-05,69449.86,0.00791,69450.73,0.00251,69449.22,8e-05,69451.58,0.00015,69448.62,0.01316,69451.59,8e-05,69448.03,8e-05,69452.27,8e-05,69447.69,0.06248,69452.28,0.00016,69446.88,0.003,69452.29,0.01466,69446.52,1.81655,69452.58,0.00054,69446.5,0.04024
69450.01,5.39362,69450.0,5.18197,69450.02,0.00064,69449.99,0.00024,69450.61,8e-05,69449.86,0.00791,69450.73,0.00251,69449.22,8e-05,69451.45,0.00584,69448.62,0.01316,69451.46,0.13023,69448.03,8e-05,69451.58,0.00015,69447.69,0.06248,69451.59,8e-05,69446.88,0.003,69452.27,8e-05,69446.52,1.81655,69452.28,0.00016,69446.5,0.04024
69450.01,5.39429,69450.0,3.23143,69450.02,0.00048,69449.99,0.00032,69450.12,8e-05,69449.86,0.00791,69450.13,0.13607,69449.22,8e-05,69450.61,8e-05,69448.63,8e-05,69450.73,0.00251,69448.62,0.01316,69451.44,0.00584,69448.03,8e-05,69451.45,0.00584,69447.7,8e-05,69451.58,0.00015,69447.69,0.06248,69451.59,8e-05,69446.88,0.003
69450.01,5.39445,69450.0,3.23143,69450.02,0.00048,69449.99,0.00032,69450.12,0.00016,69449.86,0.00791,69450.13,0.13607,69449.22,8e-05,69450.61,8e-05,69448.63,8e-05,69450.73,0.00251,69448.62,0.01316,69451.44,0.00584,69448.03,8e-05,69451.45,0.00584,69447.7,8e-05,69451.58,0.00015,69447.69,0.06248,69451.59,8e-05,69446.88,0.003
69450.01,5.39363,69450.0,3.23143,69450.02,0.00048,69449.99,0.00032,69450.12,8e-05,69449.86,0.00791,69450.13,8e-05,69449.22,8e-05,69450.61,8e-05,69448.63,8e-05,69450.73,0.00251,69448.62,0.01316,69451.44,0.00584,69448.03,8e-05,69451.45,0.00584,69447.7,8e-05,69451.58,0.00015,69447.69,0.06248,69451.59,8e-05,69446.88,0.003
69450.01,5.39269,69450.0,3.23,69450.02,0.00056,69449.99,0.00032,69450.61,8e-05,69449.86,0.00791,69450.73,0.00251,69449.22,8e-05,69451.43,8e-05,69448.63,8e-05,69451.44,0.00584,69448.62,0.01316,69451.45,0.00584,69448.03,8e-05,69451.58,0.00015,69447.69,0.06248,69451.59,8e-05,69446.88,0.003,69452.07,8e-05,69446.52,1.81655
69453.94,0.00127,69453.93,6.11287,69453.95,0.00056,69453.85,0.189,69454.06,0.00015,69453.84,0.003,69454.35,8e-05,69453.8,7.28558,69455.26,8e-05,69453.79,0.57138,69455.86,8e-05,69453.78,0.13599,69456.28,8e-05,69452.75,8e-05,69456.42,0.00016,69452.58,0.26356,69456.43,0.00016,69452.57,0.29328,69456.44,8e-05,69452.53,0.364
69459.47,0.59953,69459.46,6.24835,69459.48,0.00064,69459.45,0.00016,69459.56,0.00251,69459.42,0.11836,69459.81,8e-05,69459.06,0.003,69460.58,8e-05,69458.85,0.0007,69461.29,0.00016,69458.72,0.07477,69461.3,0.87961,69457.32,0.003,69461.8,8e-05,69456.85,0.24403,69461.87,0.00376,69456.28,8e-05,69462.0,0.0012,69455.58,0.003
69459.47,0.15185,69459.46,6.24843,69459.48,0.00064,69459.45,0.00016,69459.56,0.00251,69459.43,0.11429,69459.81,8e-05,69459.42,0.11828,69460.58,8e-05,69459.06,0.003,69461.29,0.00016,69458.85,0.0007,69461.3,0.87961,69458.44,8e-05,69461.56,0.00016,69457.32,0.003,69461.57,0.12455,69456.85,0.24403,69461.8,8e-05,69456.28,8e-05
69459.47,0.68915,69459.46,6.24843,69459.48,0.00064,69459.45,0.00016,69459.56,0.00251,69459.43,0.11429,69459.81,8e-05,69459.42,0.11828,69460.58,8e-05,69459.06,0.003,69461.29,0.00016,69458.85,0.0007,69461.3,0.87961,69458.44,8e-05,69461.56,0.00016,69457.32,0.003,69461.57,0.12455,69456.85,0.24403,69461.8,8e-05,69456.28,8e-05
69466.93,0.11374,69466.92,5.89215,69466.94,0.00073,69466.91,0.00016,69466.95,8e-05,69466.86,0.11804,69467.33,0.00074,69466.02,0.003,69467.34,0.02167,69465.24,0.05287,69468.0,0.0012,69464.28,0.003,69468.04,0.0001,69463.35,0.0003,69468.4,0.00251,69463.34,8e-05,69468.5,0.00376,69462.54,0.003,69468.56,8e-05,69462.44,0.26141
69470.48,0.01613,69470.47,8.1299,69470.49,0.00048,69470.46,0.00016,69470.5,0.00294,69470.4,8e-05,69470.69,0.00016,69469.51,0.011,69470.7,0.01569,69469.5,0.003,69471.18,0.00109,69468.97,0.03016,69471.22,8e-05,69468.86,8e-05,69471.64,8e-05,69468.85,0.00776,69471.96,0.00018,69468.39,0.24855,69472.0,0.0012,69467.76,0.003
69489.9,0.14851,69489.89,3.55292,69489.91,0.00056,69489.88,2.08498,69489.99,0.00016,69489.58,3.47466,69490.0,0.01551,69489.5,2.59486,69491.38,8e-05,69489.08,0.00024,69491.58,8e-05,69488.48,0.00379,69492.0,0.0012,69488.47,0.30834,69492.21,8e-05,69488.05,8e-05,69492.5,8e-05,69486.92,0.00016,69492.97,8e-05,69486.91,0.1182
69495.47,0.78194,69495.46,7.60519,69495.48,0.00056,69495.45,0.16425,69495.82,9e-05,69495.11,8e-05,69495.91,8e-05,69493.86,0.003,69495.92,0.00548,69493.83,0.2527,69496.0,0.0012,69493.35,4.30964,69496.03,8e-05,69493.34,0.13387,69496.04,0.00511,69492.6,0.05287,69497.18,8e-05,69492.49,0.00825,69497.2,0.00098,69492.12,0.003
69498.0,0.0013,69497.99,8.12088,69498.01,0.00056,69497.98,0.00016,69498.12,0.00029,69497.81,8e-05,69498.16,8e-05,69497.34,0.003,69498.22,0.003,69497.19,0.24851,69498.6,0.00058,69497.06,0.00021,69498.64,8e-05,69495.6,0.003,69499.01,0.00011,69495.51,1.68666,69499.12,0.00033,69495.5,8e-05,69499.4,8e-05,69495.47,0.189
69500.0,0.37721,69499.99,3.67629,69500.01,0.00056,69499.98,0.00016,69500.36,8e-05,69499.08,0.003,69500.47,9e-05,69498.71,8e-05,69500.48,8e-05,69498.64,8e-05,69501.28,0.00058,69498.22,0.18153,69501.38,0.00021,69498.21,0.23532,69501.62,0.00376,69498.15,8e-05,69501.67,0.0001,69497.99,0.28132,69501.93,0.00016,69497.81,8e-05
69500.0,0.71016,69499.99,4.36827,69500.01,0.00056,69499.98,0.00016,69500.36,8e-05,69499.08,0.003,69500.47,9e-05,69498.71,8e-05,69500.48,8e-05,69498.64,0.00017,69501.28,0.00058,69498.22,0.18153,69501.38,0.00021,69498.21,0.23532,69501.62,0.00376,69498.15,8e-05,69501.67,0.0001,69497.99,0.13906,69502.0,0.0012,69497.81,8e-05
69500.0,3.69413,69499.99,0.6965,69500.01,8e-05,69499.98,0.00082,69500.36,8e-05,69499.58,0.00016,69500.47,9e-05,69499.57,0.01452,69500.48,8e-05,69499.21,0.00016,69500.66,0.07033,69499.2,8e-05,69500.67,0.12463,69498.71,8e-05,69500.81,0.00719,69498.64,0.00017,69500.82,0.003,69498.15,8e-05,69501.28,0.00058,69498.0,0.00047
69500.0,4.59658,69499.99,0.24043,69500.01,8e-05,69499.98,0.00082,69500.36,8e-05,69499.58,0.00016,69500.47,9e-05,69499.57,0.01452,69500.48,8e-05,69499.41,8e-05,69500.66,0.07041,69498.64,0.00017,69500.67,0.12463,69498.15,8e-05,69500.82,0.003,69498.01,8e-05,69501.28,0.00058,69498.0,0.00047,69501.38,0.00021,69497.99,0.13906
69493.51,5.20422,69493.5,0.86388,69493.52,8e-05,69493.49,0.00048,69493.86,0.003,69493.48,0.00016,69495.06,0.29151,69493.34,8e-05,69495.07,0.04008,69493.12,0.003,69495.11,8e-05,69492.5,8e-05,69495.47,0.22136,69492.49,0.00024,69495.6,0.003,69492.19,8e-05,69496.56,0.0003,69492.14,8e-05,69497.34,0.003,69491.99,8e-05
69491.01,3.69279,69491.0,0.93364,69491.02,1.55581,69490.99,0.00048,69491.58,8e-05,69490.58,8e-05,69493.5,0.8234,69490.53,8e-05,69493.51,0.61934,69490.52,0.01095,69493.86,0.003,69490.26,0.003,69494.62,0.05287,69490.21,0.00016,69495.05,0.06732,69490.15,0.00016,69495.06,0.00029,69490.01,0.00016,69495.11,8e-05,69490.0,0.00016
69491.01,3.18106,69491.0,0.48427,69491.02,0.07755,69490.99,0.0004,69491.58,8e-05,69490.58,8e-05,69492.12,0.003,69490.53,8e-05,69493.49,8e-05,69490.52,0.01095,69493.5,0.24826,69490.26,0.003,69493.51,0.00791,69489.87,8e-05,69493.86,0.003,69489.86,8e-05,69495.05,8e-05,69489.84,8e-05,69495.06,0.00029,69489.69,8e-05
69491.01,3.18114,69491.0,0.48427,69491.02,0.07755,69490.99,0.0004,69491.58,8e-05,69490.58,8e-05,69492.12,0.003,69490.53,8e-05,69492.45,8e-05,69490.52,0.01095,69493.49,8e-05,69490.26,0.003,69493.5,0.24826,69489.87,8e-05,69493.51,0.00791,69489.86,8e-05,69493.86,0.003,69489.84,8e-05,69495.05,8e-05,69489.69,8e-05
69490.27,7.07881,69490.26,0.52095,69490.28,8e-05,69490.25,0.00032,69490.38,0.003,69489.89,0.00016,69491.0,1.16055,69489.88,0.00024,69491.01,0.15611,69489.87,8e-05,69491.02,8e-05,69489.86,8e-05,69491.58,8e-05,69489.84,8e-05,69492.12,0.003,69489.69,8e-05,69492.44,8e-05,69488.49,0.00016,69492.45,8e-05,69488.48,0.00032
69490.27,7.3766,69490.26,0.51709,69490.28,8e-05,69490.25,0.00048,69490.38,0.003,69489.89,8e-05,69490.99,8e-05,69489.88,8e-05,69491.0,0.06602,69489.87,8e-05,69491.01,0.12781,69489.86,8e-05,69491.57,0.00719,69489.84,8e-05,69491.58,8e-05,69488.49,8e-05,69492.12,0.003,69488.48,0.07509,69492.45,8e-05,69488.47,0.10558
69490.27,7.37564,69490.26,0.51484,69490.28,8e-05,69490.25,0.00048,69490.38,0.003,69489.89,8e-05,69490.99,8e-05,69489.88,8e-05,69491.0,0.06602,69489.87,8e-05,69491.01,0.12781,69489.86,8e-05,69491.57,0.00727,69489.84,8e-05,69491.58,8e-05,69488.49,0.00016,69492.12,0.003,69488.48,0.07517,69492.45,8e-05,69488.47,0.10558
69490.27,7.02427,69490.26,1.65996,69490.28,8e-05,69490.25,0.00048,69490.38,0.003,69489.89,8e-05,69490.99,8e-05,69489.88,8e-05,69491.0,0.04379,69489.87,8e-05,69491.01,0.12781,69489.86,8e-05,69491.57,8e-05,69489.84,8e-05,69491.58,8e-05,69488.49,0.00016,69492.11,0.00727,69488.48,0.03809,69492.12,0.003,69488.47,0.1055
69490.27,7.02435,69490.26,1.79133,69490.28,0.00016,69490.25,0.0004,69490.38,0.003,69489.89,8e-05,69490.99,8e-05,69489.88,8e-05,69491.0,0.04379,69489.87,8e-05,69491.01,0.12494,69489.86,8e-05,69491.58,8e-05,69489.84,8e-05,69492.11,0.00727,69488.49,0.00016,69492.12,0.003,69488.48,0.03809,69492.45,8e-05,69488.47,0.10558
69489.88,6.22849,69489.87,0.00151,69489.89,8e-05,69489.86,0.00056,69490.26,2.61382,69489.84,8e-05,69490.27,0.03043,69488.49,8e-05,69490.38,0.003,69488.48,0.00016,69490.94,0.05295,69488.47,0.0147,69491.0,0.00016,69488.36,0.00376,69491.01,0.12494,69488.3,8e-05,69491.58,8e-05,69488.17,0.00058,69492.12,0.003,69488.05,8e-05
69486.06,2.5138,69486.05,2.3641,69486.07,0.11852,69486.04,0.00048,69486.9,0.003,69485.63,8e-05,69488.05,8e-05,69484.8,8e-05,69488.42,8e-05,69484.52,0.00025,69488.43,0.07794,69484.39,0.00011,69488.64,0.003,69484.32,8e-05,69489.66,0.0003,69484.13,8e-05,69489.86,8e-05,69483.95,8e-05,69489.87,0.25768,69483.94,0.03821
69486.06,1.71691,69486.05,2.81566,69486.07,0.0008,69486.04,0.00032,69487.47,0.00016,69485.63,8e-05,69487.48,0.12455,69485.16,0.003,69488.05,8e-05,69484.8,8e-05,69488.42,0.00016,69484.52,0.00025,69488.43,0.07794,69484.39,0.00011,69489.86,0.00016,69484.32,8e-05,69489.87,0.2433,69484.13,8e-05,69489.88,0.00478,69483.91,8e-05
69486.06,1.71691,69486.05,2.85053,69486.07,0.0008,69486.04,0.00032,69487.47,0.00016,69485.63,8e-05,69487.48,0.12455,69485.16,0.003,69488.05,8e-05,69484.83,8e-05,69488.42,0.00016,69484.8,8e-05,69488.43,8e-05,69484.52,0.00025,69489.63,0.0003,69484.39,0.00011,69489.86,0.00016,69484.32,8e-05,69489.87,0.2433,69484.13,8e-05
69486.06,1.71912,69486.05,2.85032,69486.07,0.00064,69486.04,0.00024,69487.47,0.00016,69485.63,8e-05,69487.48,0.12455,69485.16,0.003,69487.87,0.00016,69484.83,8e-05,69487.88,0.01448,69484.8,8e-05,69488.05,8e-05,69484.52,0.00025,69489.63,0.0003,69484.39,0.00011,69489.86,0.00016,69484.32,8e-05,69489.87,0.2433,69484.13,8e-05
69486.06,1.61039,69486.05,2.85023,69486.07,0.00064,69486.04,0.00024,69487.47,0.00016,69485.63,8e-05,69487.48,0.12455,69485.16,0.003,69487.87,0.00016,69484.83,8e-05,69487.88,0.01448,69484.8,8e-05,69488.05,8e-05,69484.52,0.00025,69489.63,0.0003,69484.39,0.00011,69489.86,0.00016,69484.32,8e-05,69489.87,0.2433,69484.13,8e-05
69486.06,1.61039,69486.05,2.81815,69486.07,0.00064,69486.04,0.0004,69487.47,0.00016,69485.63,8e-05,69487.48,0.12455,69485.16,0.003,69487.87,0.00016,69484.83,8e-05,69487.88,0.01448,69484.8,8e-05,69488.05,8e-05,69484.52,0.00025,69489.63,0.0003,69484.39,0.00011,69489.86,0.00016,69484.32,8e-05,69489.87,0.2433,69484.13,8e-05
69486.06,2.31403,69486.05,2.85102,69486.07,0.00064,69486.04,0.0004,69487.47,0.00016,69485.63,8e-05,69487.48,0.12455,69485.16,0.003,69487.87,0.00016,69484.83,8e-05,69487.88,8e-05,69484.8,8e-05,69488.05,8e-05,69484.52,0.00025,69489.63,0.0003,69484.39,0.00011,69489.86,0.00016,69484.32,8e-05,69489.87,0.2433,69484.13,8e-05
69486.06,0.13437,69486.05,3.77841,69486.07,0.0004,69486.04,0.00016,69488.05,8e-05,69485.63,8e-05,69489.86,0.00016,69485.16,0.003,69489.87,0.12001,69484.83,8e-05,69489.88,0.0047,69484.81,0.03343,69490.26,8e-05,69484.8,0.05319,69490.27,0.00024,69484.52,0.00025,69490.93,0.003,69484.39,0.00011,69491.0,8e-05,69484.32,8e-05
69493.38,2.047,69493.37,4.91828,69493.39,0.0004,69493.36,0.00016,69493.58,8e-05,69492.12,0.003,69493.74,8e-05,69491.58,8e-05,69493.86,8e-05,69490.92,0.008,69493.87,8e-05,69490.38,0.003,69494.99,0.00376,69490.27,8e-05,69495.11,8e-05,69490.26,0.0736,69495.16,8e-05,69490.25,0.246,69495.56,8e-05,69490.2,0.01467
69493.38,2.12195,69493.37,4.72976,69493.39,0.00032,69493.36,0.00016,69493.58,8e-05,69492.12,0.003,69493.74,8e-05,69491.77,8e-05,69493.86,8e-05,69491.58,8e-05,69493.87,8e-05,69490.92,0.008,69494.07,0.00016,69490.86,8e-05,69494.08,0.12455,69490.38,0.003,69494.99,0.00376,69490.26,0.07352,69495.11,8e-05,69490.25,0.246
69493.38,2.12174,69493.37,4.72916,69493.39,0.00032,69493.36,0.00016,69493.58,8e-05,69492.12,0.003,69493.74,8e-05,69491.77,8e-05,69493.86,8e-05,69491.58,8e-05,69493.87,8e-05,69490.92,0.008,69494.07,0.00016,69490.38,0.003,69494.08,0.12455,69490.26,0.07352,69494.54,8e-05,69490.25,0.246,69494.99,0.00376,69490.2,0.01467
69493.38,2.12214,69493.37,4.72747,69493.39,0.00032,69493.36,0.00016,69493.58,8e-05,69492.12,0.003,69493.74,8e-05,69491.77,8e-05,69493.86,8e-05,69491.58,8e-05,69493.87,8e-05,69490.92,0.008,69494.07,0.00016,69490.38,0.003,69494.08,0.12455,69490.26,0.07352,69494.54,8e-05,69490.25,0.246,69494.99,0.00376,69490.24,0.00854
69493.38,0.89588,69493.37,4.72497,69493.39,0.0004,69493.36,0.00016,69493.58,8e-05,69492.12,0.003,69493.74,8e-05,69491.77,8e-05,69493.86,8e-05,69491.58,8e-05,69493.87,8e-05,69490.92,0.008,69494.54,8e-05,69490.38,0.003,69494.99,0.00376,69490.26,0.07352,69495.11,8e-05,69490.25,0.246,69495.16,8e-05,69490.24,0.00862
69498.0,0.66866,69497.99,3.05847,69498.01,0.00064,69497.98,0.00016,69498.53,0.00015,69497.95,8e-05,69498.54,0.00011,69497.34,0.003,69498.6,0.00058,69497.01,0.02016,69498.64,8e-05,69496.63,8e-05,69499.32,8e-05,69496.03,8e-05,69499.98,8e-05,69495.6,0.003,69499.99,0.00024,69495.11,8e-05,69500.0,0.25897,69495.02,8e-05
69498.0,2.0502,69497.99,2.18995,69498.01,0.00072,69497.98,0.00016,69498.53,0.00015,69497.95,8e-05,69498.54,0.00011,69497.34,0.003,69498.6,0.00058,69497.01,0.02016,69498.64,8e-05,69496.63,8e-05,69499.32,8e-05,69496.03,8e-05,69499.98,8e-05,69495.74,0.01425,69499.99,0.00024,69495.6,0.003,69500.0,0.25905,69495.11,8e-05
69498.0,2.0502,69497.99,2.18535,69498.01,0.00064,69497.98,0.00016,69498.53,0.00015,69497.95,8e-05,69498.54,0.00011,69497.34,0.003,69498.6,0.00058,69497.01,0.02016,69498.64,8e-05,69496.63,8e-05,69499.16,0.00016,69496.03,8e-05,69499.17,0.12455,69495.74,0.01425,69499.32,8e-05,69495.6,0.003,69499.98,8e-05,69495.11,8e-05
69500.0,0.26135,69499.99,5.61372,69500.01,0.00064,69499.98,0.00016,69500.36,8e-05,69499.61,0.00774,69500.48,8e-05,69499.52,0.01443,69501.28,0.00058,69499.17,0.13874,69501.38,0.00021,69499.16,0.16479,69501.62,0.00376,69499.08,0.003,69501.67,0.0001,69498.64,8e-05,69502.0,0.0012,69498.48,0.0085,69502.17,8e-05,69497.99,0.26728
69500.0,1.18872,69499.99,5.01893,69500.01,0.00064,69499.98,0.00016,69500.36,8e-05,69499.61,0.0079,69500.48,8e-05,69499.52,0.01459,69501.28,0.00058,69499.17,0.10247,69501.38,0.00021,69499.16,0.12471,69501.62,0.00376,69499.08,0.003,69501.67,0.0001,69498.71,8e-05,69502.0,0.0012,69498.64,8e-05,69502.17,8e-05,69498.48,0.00866
69500.0,0.74096,69499.99,5.01879,69500.01,0.00056,69499.98,0.00016,69500.36,8e-05,69499.95,0.05,69500.48,8e-05,69499.9,0.05,69501.28,0.00058,69499.61,0.0079,69501.38,0.00021,69499.52,0.01459,69501.62,0.00376,69499.17,0.10247,69501.67,0.0001,69499.16,0.12471,69502.0,0.0012,69499.08,0.003,69502.17,8e-05,69498.71,8e-05
69500.0,1.18864,69499.99,5.01903,69500.01,0.00056,69499.98,0.00016,69500.36,8e-05,69499.95,0.05024,69500.48,8e-05,69499.9,0.05016,69501.28,0.00058,69499.61,0.0079,69501.38,0.00021,69499.52,0.01459,69501.62,0.00376,69499.17,0.10247,69501.67,0.0001,69499.16,0.12471,69502.0,0.0012,69499.08,0.003,69502.17,8e-05,69498.71,8e-05
69500.0,1.07427,69499.99,5.01453,69500.01,0.00072,69499.98,0.00016,69500.36,8e-05,69499.95,0.05024,69500.48,8e-05,69499.9,0.05016,69501.28,0.00058,69499.61,0.0079,69501.38,0.00021,69499.52,0.01459,69501.62,0.00376,69499.17,0.10247,69501.67,0.0001,69499.16,0.12471,69502.0,0.0012,69499.08,0.003,69502.17,8e-05,69498.71,8e-05
69500.0,1.18836,69499.99,5.01442,69500.01,0.00064,69499.98,0.00016,69500.36,8e-05,69499.95,0.05024,69500.48,8e-05,69499.9,0.05016,69501.28,0.00058,69499.61,0.0079,69501.38,0.00021,69499.52,0.01459,69501.62,0.00376,69499.17,0.10247,69501.67,0.0001,69499.16,0.12471,69502.0,0.0012,69499.08,0.003,69502.17,8e-05,69498.71,8e-05
69500.0,1.18836,69499.99,5.01571,69500.01,0.00064,69499.98,0.00032,69500.36,8e-05,69499.95,0.05024,69500.48,8e-05,69499.9,0.05016,69501.28,0.00058,69499.61,0.0079,69501.38,0.00021,69499.52,0.01459,69501.62,0.00376,69499.17,0.10247,69501.67,0.0001,69499.16,0.12471,69502.0,0.0012,69499.08,0.003,69502.17,8e-05,69498.71,8e-05
69500.0,1.18765,69499.99,5.01804,69500.01,0.00064,69499.98,0.00032,69500.36,8e-05,69499.95,0.05024,69500.48,8e-05,69499.9,0.05016,69501.28,0.00058,69499.61,0.0079,69501.38,0.00021,69499.52,0.01459,69501.62,0.00376,69499.17,0.10247,69501.67,0.0001,69499.16,0.12471,69502.0,0.0012,69499.08,0.003,69502.17,8e-05,69498.71,8e-05
69506.95,2.33253,69506.94,2.03817,69506.96,0.00064,69506.93,0.00016,69506.99,8e-05,69506.9,0.05,69507.0,0.03848,69506.87,0.00016,69507.98,0.00308,69506.86,0.01513,69507.99,0.10436,69506.85,0.05016,69508.0,0.03968,69506.04,0.003,69508.07,0.0005,69505.7,8e-05,69508.23,0.00016,69504.74,8e-05,69508.24,0.00376,69504.3,0.003
69506.95,2.53123,69506.94,2.16266,69506.96,0.00048,69506.93,0.00032,69506.99,8e-05,69506.92,8e-05,69507.0,0.03848,69506.91,0.03207,69507.98,8e-05,69506.9,0.05016,69507.99,0.06936,69506.87,8e-05,69508.0,0.0012,69506.86,0.00016,69508.07,0.0005,69506.85,0.05016,69508.23,8e-05,69506.04,0.003,69508.24,0.00376,69505.7,8e-05
69506.95,2.62927,69506.94,2.01308,69506.96,0.00032,69506.93,0.00032,69506.99,8e-05,69506.92,8e-05,69507.0,0.03848,69506.91,0.03207,69507.98,8e-05,69506.9,0.05016,69507.99,0.06936,69506.87,8e-05,69508.0,0.0012,69506.86,0.00016,69508.07,0.0005,69506.85,0.05016,69508.23,8e-05,69505.7,8e-05,69508.24,0.00376,69504.74,8e-05
69506.95,0.2157,69506.94,3.17707,69506.96,0.00064,69506.93,0.00016,69506.99,0.00016,69506.91,0.03199,69507.0,0.03848,69506.9,0.05016,69508.0,0.0012,69506.85,0.05016,69508.07,0.0005,69506.04,0.003,69508.23,8e-05,69505.7,8e-05,69508.24,0.00376,69505.14,0.05287,69508.46,8e-05,69504.74,8e-05,69508.55,8e-05,69504.3,0.0691
69506.95,2.5139,69506.94,2.03264,69506.96,0.00024,69506.93,0.00016,69506.99,0.05656,69506.92,8e-05,69507.0,0.03848,69506.91,0.03207,69507.51,0.12447,69506.9,0.05016,69508.0,0.0012,69506.86,8e-05,69508.07,0.0005,69506.85,0.05024,69508.23,8e-05,69506.04,0.003,69508.24,0.00376,69505.7,8e-05,69508.46,8e-05,69505.66,8e-05
69506.95,2.3213,69506.94,1.96027,69506.96,0.00064,69506.93,0.00016,69506.98,0.00016,69506.91,0.06737,69506.99,0.02033,69506.9,0.05016,69507.0,0.03848,69506.86,8e-05,69507.78,0.003,69506.85,0.05032,69508.0,0.0012,69506.78,8e-05,69508.07,0.0005,69506.77,0.12463,69508.23,8e-05,69505.7,8e-05,69508.24,0.00376,69503.74,0.00016
69506.95,2.35399,69506.94,2.48462,69506.96,0.00064,69506.93,0.00016,69506.98,0.00016,69506.92,8e-05,69506.99,0.00024,69506.91,0.06745,69507.0,0.03848,69506.9,0.05016,69508.0,0.0012,69506.86,8e-05,69508.07,0.0005,69506.85,0.05024,69508.23,8e-05,69506.78,8e-05,69508.24,0.00376,69506.77,0.12463,69508.46,8e-05,69505.7,8e-05
69506.95,0.1257,69506.94,3.93919,69506.96,0.00048,69506.93,0.00016,69506.98,8e-05,69506.91,0.06745,69506.99,0.00016,69506.9,0.05016,69507.0,0.03848,69506.85,0.05024,69508.0,0.0012,69506.77,0.12471,69508.07,0.0005,69506.73,0.00872,69508.23,8e-05,69506.56,0.05311,69508.24,0.00376,69506.04,0.003,69508.46,8e-05,69505.7,8e-05
69506.95,0.12562,69506.94,4.98341,69506.96,0.0004,69506.93,0.00016,69506.98,8e-05,69506.91,0.06745,69506.99,0.00016,69506.9,0.05016,69507.0,0.03848,69506.85,0.05024,69508.0,0.0012,69506.77,0.12471,69508.07,0.0005,69506.73,0.00872,69508.23,8e-05,69506.56,0.05311,69508.24,0.00376,69506.04,0.003,69508.46,8e-05,69505.7,8e-05
69518.48,0.26889,69518.47,3.85825,69518.49,0.0004,69518.46,0.00016,69519.09,0.00015,69518.37,0.01442,69519.1,8e-05,69518.22,0.003,69519.15,0.00103,69517.69,0.11828,69519.45,0.00058,69517.46,8e-05,69519.48,0.00011,69517.36,0.10562,69519.82,8e-05,69517.34,0.23276,69520.0,0.0033,69516.66,0.0082,69520.73,8e-05,69516.48,0.003
69528.92,2.55984,69528.91,3.83002,69528.93,0.00016,69528.9,0.00016,69529.31,8e-05,69528.72,0.00295,69529.32,8e-05,69526.88,8e-05,69529.41,0.00039,69525.57,8e-05,69529.61,0.00024,69525.4,8e-05,69529.74,8e-05,69525.18,0.003,69529.83,8e-05,69524.57,0.00824,69529.84,0.00511,69523.44,0.003,69529.88,0.00058,69523.35,8e-05
69528.92,2.64794,69528.91,3.83002,69528.93,0.00056,69528.9,0.05016,69529.31,8e-05,69528.85,0.05,69529.32,8e-05,69528.72,0.00295,69529.41,0.00039,69527.61,0.00773,69529.61,0.00024,69526.88,8e-05,69529.74,8e-05,69526.24,0.01421,69529.83,8e-05,69525.4,8e-05,69529.84,0.00511,69525.18,0.003,69529.88,0.00058,69524.57,0.00824
69528.92,1.79865,69528.91,3.97722,69528.93,0.0004,69528.9,0.0504,69529.31,8e-05,69528.86,0.02346,69529.32,8e-05,69528.85,0.05016,69529.41,0.00039,69528.72,0.00295,69529.61,0.00024,69528.66,0.003,69529.74,8e-05,69527.61,0.00789,69529.83,8e-05,69527.18,8e-05,69529.84,0.00511,69526.92,0.003,69529.88,0.00058,69526.88,8e-05
69528.92,2.30595,69528.91,3.66102,69528.93,0.0004,69528.9,0.0504,69529.41,0.00039,69528.87,8e-05,69529.61,0.00024,69528.86,0.02354,69529.74,8e-05,69528.85,0.05016,69529.83,8e-05,69528.72,0.00295,69529.84,0.00511,69527.61,0.00789,69529.88,0.00058,69527.51,0.00874,69530.0,0.00178,69527.18,8e-05,69530.4,0.003,69526.88,8e-05
69528.92,1.8009,69528.91,3.82692,69528.93,0.0004,69528.9,0.0504,69529.41,0.00039,69528.86,0.02346,69529.61,0.00024,69528.85,0.05016,69529.74,8e-05,69528.72,0.00295,69529.83,8e-05,69528.66,0.003,69529.84,0.00511,69528.04,0.02,69529.88,0.00058,69527.61,0.00789,69530.0,0.00178,69527.51,0.00874,69530.41,8e-05,69527.18,8e-05
69528.92,2.16526,69528.91,3.83063,69528.93,0.0004,69528.9,0.0504,69529.41,0.00039,69528.87,8e-05,69529.61,0.00024,69528.86,0.02354,69529.74,8e-05,69528.85,0.05016,69529.83,8e-05,69528.72,0.00295,69529.84,0.00511,69528.05,8e-05,69529.88,0.00058,69528.04,0.02016,69530.0,0.00178,69527.61,0.00789,69530.41,8e-05,69527.51,0.00874
69528.92,3.14994,69528.91,0.00697,69528.93,8e-05,69528.9,0.0504,69529.41,0.00039,69528.87,8e-05,69529.61,0.00024,69528.86,0.00016,69529.74,8e-05,69528.85,0.05024,69529.84,0.00511,69528.72,8e-05,69529.88,0.00058,69527.87,8e-05,69530.0,0.00178,69527.52,8e-05,69530.4,0.003,69527.51,0.00874,69530.41,8e-05,69527.18,8e-05
69528.92,3.15019,69528.91,0.45027,69528.93,8e-05,69528.9,0.05056,69529.41,0.00039,69528.87,8e-05,69529.61,0.00024,69528.86,0.00016,69529.74,8e-05,69528.85,0.05032,69529.84,0.00511,69528.72,8e-05,69529.88,0.00058,69527.52,8e-05,69530.0,0.00178,69527.51,0.00874,69530.4,0.003,69527.18,8e-05,69530.41,8e-05,69526.88,8e-05
69528.92,4.45928,69528.91,0.45027,69528.93,8e-05,69528.9,0.05056,69529.41,0.00039,69528.87,8e-05,69529.61,0.00024,69528.86,0.00016,69529.74,8e-05,69528.85,0.05032,69529.84,0.00511,69528.72,8e-05,69529.88,0.00058,69527.52,8e-05,69530.0,0.00178,69527.51,0.00874,69530.4,0.003,69527.18,8e-05,69530.41,8e-05,69526.88,8e-05
69528.92,5.36159,69528.91,0.45025,69528.93,8e-05,69528.9,0.05064,69529.41,0.00039,69528.87,8e-05,69529.61,0.00024,69528.86,0.00016,69529.74,8e-05,69528.85,0.0504,69529.84,0.00511,69528.72,8e-05,69529.88,0.00058,69527.18,8e-05,69530.0,0.00178,69526.88,8e-05,69530.39,0.00727,69526.25,0.00016,69530.4,0.003,69526.24,0.01437
69528.92,5.3632,69528.91,0.45048,69528.93,8e-05,69528.9,0.05064,69529.41,0.00039,69528.87,8e-05,69529.61,0.00024,69528.86,0.00016,69529.74,8e-05,69528.85,0.05056,69529.83,8e-05,69528.72,0.00077,69529.84,0.00511,69526.88,8e-05,69529.88,0.00058,69526.25,0.00016,69530.0,0.00178,69526.24,0.00016,69530.39,0.00727,69525.57,8e-05
69528.92,5.35357,69528.91,0.1715,69528.93,8e-05,69528.9,0.05056,69529.41,0.00039,69528.87,8e-05,69529.61,0.00024,69528.86,0.00016,69529.74,8e-05,69528.85,0.05048,69529.84,0.00511,69528.72,0.00077,69529.88,0.00058,69526.88,8e-05,69530.0,0.00178,69526.18,0.0142,69530.39,0.00727,69525.57,8e-05,69530.4,0.003,69525.4,8e-05
69528.92,4.90605,69528.91,1.44095,69528.93,0.00016,69528.9,0.05048,69529.41,0.00039,69528.87,8e-05,69529.61,0.00024,69528.86,0.00016,69529.74,8e-05,69528.85,0.05056,69529.84,0.00511,69528.72,0.00077,69529.88,0.00058,69526.88,8e-05,69530.0,0.00178,69526.19,0.00016,69530.4,0.003,69526.18,0.01436,69530.41,8e-05,69525.84,0.0003
69528.92,4.9051,69528.91,1.44095,69528.93,0.00016,69528.9,0.05048,69529.41,0.00039,69528.87,8e-05,69529.61,0.00024,69528.86,0.00016,69529.74,8e-05,69528.85,0.05056,69529.84,0.00511,69528.72,0.00077,69529.88,0.00058,69526.88,8e-05,69530.0,0.00178,69526.19,0.00016,69530.4,0.003,69526.18,0.01436,69530.41,8e-05,69525.84,0.0003
69528.92,4.90598,69528.91,0.85667,69528.93,8e-05,69528.9,0.05048,69529.41,0.00039,69528.87,8e-05,69529.61,0.00024,69528.86,0.00016,69529.74,8e-05,69528.85,0.05056,69529.84,0.00511,69528.72,0.00077,69529.88,0.00058,69526.88,8e-05,69530.0,0.00178,69526.19,0.00016,69530.39,0.00727,69526.18,0.01436,69530.4,0.003,69525.57,8e-05
69528.92,4.90467,69528.91,0.88217,69528.93,0.00016,69528.9,0.05064,69529.41,0.00039,69528.87,0.00016,69529.61,0.00024,69528.86,0.05627,69529.74,8e-05,69528.85,0.05064,69529.84,0.00511,69528.72,0.00077,69529.88,0.00058,69526.88,8e-05,69530.0,0.00178,69526.36,8e-05,69530.4,0.003,69526.35,0.12963,69530.41,8e-05,69526.19,8e-05
69528.92,5.28485,69528.91,0.00421,69528.93,8e-05,69528.9,0.05064,69529.41,0.00039,69528.87,8e-05,69529.61,0.00024,69528.86,0.00016,69529.74,8e-05,69528.85,0.05056,69529.83,0.01426,69528.72,0.00077,69529.84,0.00511,69528.57,8e-05,69529.88,0.00058,69526.88,8e-05,69530.0,0.00178,69525.57,8e-05,69530.4,0.003,69525.4,8e-05
69528.92,6.65641,69528.91,0.00429,69528.93,8e-05,69528.9,0.05072,69529.41,0.00039,69528.87,8e-05,69529.61,0.00024,69528.86,0.00016,69529.74,8e-05,69528.85,0.05048,69529.83,0.01426,69528.72,0.00077,69529.84,0.00511,69528.57,8e-05,69529.88,0.00058,69526.88,8e-05,69530.0,0.00178,69525.4,8e-05,69530.4,0.003,69524.8,0.00016
69528.92,5.30369,69528.91,0.45181,69528.93,8e-05,69528.9,0.05072,69529.41,0.00039,69528.87,8e-05,69529.61,0.00024,69528.86,0.00016,69529.74,8e-05,69528.85,0.05048,69529.84,0.00511,69528.72,0.00077,69529.85,0.01411,69528.57,8e-05,69529.88,0.00058,69526.88,8e-05,69530.0,0.00178,69525.4,8e-05,69530.4,0.003,69524.8,8e-05
69528.92,5.14315,69528.91,1.41491,69528.93,8e-05,69528.9,0.05056,69529.41,0.00039,69528.87,0.00016,69529.61,0.00024,69528.86,0.0158,69529.74,8e-05,69528.85,0.05072,69529.84,0.00511,69528.72,0.00077,69529.88,0.00058,69526.88,8e-05,69530.0,0.00178,69525.91,0.0003,69530.4,0.003,69525.4,8e-05,69530.41,8e-05,69524.8,8e-05
69528.92,0.30292,69528.91,3.05713,69528.93,0.00048,69528.9,0.05048,69529.41,0.00039,69528.86,0.05233,69529.61,0.00024,69528.85,0.05056,69529.74,8e-05,69528.72,0.00077,69529.83,8e-05,69528.66,0.003,69529.84,0.00511,69528.31,0.12971,69529.88,0.00058,69527.87,8e-05,69530.0,0.00178,69527.14,0.02016,69530.41,8e-05,69526.92,0.003
69528.92,0.7506,69528.91,3.05721,69528.93,0.00048,69528.9,0.05056,69529.41,0.00039,69528.86,0.05233,69529.61,0.00024,69528.85,0.05056,69529.74,8e-05,69528.72,0.00077,69529.83,8e-05,69528.66,0.003,69529.84,0.00511,69528.31,0.12963,69529.88,0.00058,69527.87,8e-05,69530.0,0.00178,69527.14,0.02016,69530.41,8e-05,69526.92,0.003
69528.92,0.7505,69528.91,3.01721,69528.93,0.00048,69528.9,0.05056,69529.41,0.00039,69528.86,0.05233,69529.61,0.00024,69528.85,0.05056,69529.74,8e-05,69528.72,0.00077,69529.83,8e-05,69528.66,0.003,69529.84,0.00511,69528.31,0.12963,69529.88,0.00058,69527.87,8e-05,69530.0,0.00178,69527.14,0.02016,69530.41,8e-05,69526.92,0.003
69528.92,2.10149,69528.91,2.62762,69528.93,0.0004,69528.9,0.05056,69529.41,0.00039,69528.87,8e-05,69529.61,0.00024,69528.86,0.05241,69529.74,8e-05,69528.85,0.05056,69529.83,8e-05,69528.75,0.00877,69529.84,0.00511,69528.72,0.00077,69529.88,0.00058,69528.66,0.003,69530.0,0.00178,69528.32,8e-05,69530.41,8e-05,69528.31,0.12971
69528.92,2.09615,69528.91,2.98063,69528.93,0.00056,69528.9,0.05056,69529.41,0.00039,69528.86,0.05233,69529.61,0.00024,69528.85,0.05056,69529.74,8e-05,69528.75,0.00877,69529.83,8e-05,69528.72,0.00077,69529.84,0.00511,69528.66,0.003,69529.88,0.00058,69528.31,0.12971,69530.0,0.00178,69527.87,8e-05,69530.41,8e-05,69527.14,0.02016
69528.92,0.29813,69528.91,3.4598,69528.93,0.0004,69528.9,0.05048,69529.39,8e-05,69528.86,0.08215,69529.4,9e-05,69528.85,0.05056,69529.41,0.00039,69528.75,0.00877,69529.61,0.00024,69528.72,0.00077,69529.74,8e-05,69528.66,0.003,69529.83,8e-05,69528.31,0.12979,69529.84,0.00511,69527.87,8e-05,69529.88,0.00058,69526.92,0.003
69528.92,0.29821,69528.91,5.2508,69528.93,0.00032,69528.9,0.05048,69529.39,8e-05,69528.86,0.05866,69529.4,9e-05,69528.85,0.05056,69529.41,0.00039,69528.75,0.00877,69529.61,0.00024,69528.72,0.00077,69529.74,8e-05,69528.66,0.003,69529.83,8e-05,69528.31,0.12987,69529.84,0.00511,69527.87,8e-05,69529.88,0.00058,69526.93,0.00735
69528.92,0.18092,69528.91,5.61507,69528.93,0.00032,69528.9,0.05048,69529.39,8e-05,69528.86,0.05866,69529.4,9e-05,69528.85,0.05056,69529.41,0.00039,69528.75,0.00877,69529.61,0.00024,69528.72,0.00077,69529.74,8e-05,69528.66,0.003,69529.83,8e-05,69528.31,0.12987,69529.84,0.00511,69527.87,8e-05,69529.88,0.00058,69526.93,0.00735
69534.0,0.55782,69533.99,3.59763,69534.01,0.00056,69533.97,0.25034,69534.09,0.00011,69533.88,0.003,69534.18,0.00374,69532.14,0.003,69534.32,0.0001,69531.62,0.15908,69534.57,0.00218,69531.61,0.2623,69534.97,8e-05,69531.6,0.00016,69535.03,0.001,69531.55,0.00016,69535.06,8e-05,69530.41,8e-05,69535.71,0.00085,69530.4,0.003
69535.03,0.45118,69535.02,4.89859,69535.04,0.00056,69534.96,0.00016,69535.06,0.00024,69534.0,2.94474,69535.71,0.00085,69533.99,0.40739,69535.82,0.00026,69533.98,0.00016,69535.91,0.0025,69533.97,0.00016,69535.93,8e-05,69533.94,8e-05,69536.0,0.0012,69533.88,0.003,69536.31,0.00116,69532.14,0.003,69536.36,8e-05,69532.04,8e-05
69555.73,0.93641,69555.72,10.85899,69555.74,0.00048,69555.71,0.00016,69556.0,0.0012,69555.12,8e-05,69556.17,8e-05,69555.11,3.54451,69556.34,8e-05,69554.76,0.003,69556.42,0.06923,69554.74,0.36424,69556.72,8e-05,69553.98,0.17524,69557.18,8e-05,69553.22,0.00024,69557.69,8e-05,69553.17,0.3159,69557.72,0.00095,69553.02,0.003
69555.73,1.02665,69555.72,4.60586,69555.74,0.00072,69555.71,0.00016,69556.0,0.0012,69555.13,0.21384,69556.17,8e-05,69555.12,8e-05,69556.34,8e-05,69555.11,0.18319,69556.72,8e-05,69554.76,0.003,69556.89,8e-05,69554.74,0.17524,69557.18,8e-05,69553.98,0.17524,69557.69,8e-05,69553.35,8e-05,69557.72,0.00095,69553.22,8e-05
69561.15,0.556,69561.14,5.74223,69561.16,0.00049,69561.13,0.00016,69561.19,0.00058,69560.66,0.00016,69561.26,8e-05,69560.65,0.00016,69561.66,8e-05,69559.98,0.003,69561.81,0.00117,69558.9,8e-05,69562.0,0.0012,69558.65,8e-05,69562.18,8e-05,69558.24,0.003,69562.49,0.0025,69558.01,1.34265,69563.08,0.00011,69558.0,0.00363
69561.15,4.21758,69561.14,2.81328,69561.16,0.00057,69561.13,0.00016,69561.19,0.00058,69560.65,0.00016,69561.66,8e-05,69559.81,8e-05,69561.81,0.00117,69558.9,8e-05,69562.0,0.0012,69558.65,8e-05,69562.05,0.0003,69558.56,0.12947,69562.18,8e-05,69558.24,0.003,69562.49,0.0025,69558.02,8e-05,69563.08,0.00011,69558.01,0.25639
69561.15,4.2192,69561.14,2.67132,69561.16,0.00049,69561.13,0.00016,69561.19,0.00058,69561.12,8e-05,69561.66,8e-05,69561.11,0.0425,69561.72,0.003,69561.1,0.05016,69561.81,0.00117,69560.65,8e-05,69562.0,0.0012,69558.65,8e-05,69562.18,8e-05,69558.62,8e-05,69562.49,0.0025,69558.61,0.07024,69563.08,0.00011,69558.04,8e-05
69561.15,2.71075,69561.14,3.0596,69561.16,0.00041,69561.13,0.00016,69561.19,0.00058,69561.11,0.04242,69561.66,8e-05,69561.1,0.05016,69561.81,0.00117,69560.65,8e-05,69562.0,0.0012,69558.65,8e-05,69562.18,8e-05,69558.61,0.07032,69562.49,0.0025,69558.04,0.10169,69563.08,0.00011,69558.03,0.12963,69563.15,8e-05,69557.99,8e-05
69561.15,0.72457,69561.14,3.54703,69561.16,0.00073,69561.13,0.00016,69561.19,0.00058,69561.11,0.08434,69561.66,8e-05,69561.1,0.05032,69561.81,0.00117,69561.05,0.05016,69562.0,0.0012,69560.65,8e-05,69562.18,8e-05,69560.4,0.12963,69562.49,0.0025,69559.81,8e-05,69563.08,0.00011,69558.65,8e-05,69563.15,8e-05,69558.61,0.07024
69563.76,0.00191,69563.75,3.90291,69563.77,0.00056,69563.67,0.00021,69564.0,0.0012,69563.66,3.11231,69564.32,8e-05,69563.65,0.00024,69564.33,0.00017,69563.64,1.23249,69565.02,0.00016,69563.63,0.00024,69565.03,8e-05,69563.62,0.20107,69565.55,0.00016,69563.46,0.003,69565.56,0.00016,69563.27,0.05903,69565.71,8e-05,69563.14,8e-05
69565.21,5.63432,69565.2,0.00111,69565.22,8e-05,69565.19,0.00024,69565.32,0.05287,69563.98,8e-05,69565.7,0.2353,69563.8,8e-05,69565.71,0.00016,69563.76,8e-05,69565.72,0.59194,69563.75,0.00023,69565.99,0.00021,69563.66,8e-05,69566.0,0.04016,69563.14,8e-05,69566.94,0.003,69563.07,8e-05,69567.09,8e-05,69562.64,8e-05
69561.2,5.96614,69561.19,0.7559,69561.21,8e-05,69561.18,0.00032,69561.3,0.36294,69561.15,0.05016,69561.31,0.47049,69561.14,0.17898,69561.47,0.00016,69559.4,8e-05,69561.66,0.00021,69558.9,8e-05,69561.67,0.00016,69558.65,8e-05,69561.72,0.003,69558.05,8e-05,69562.18,8e-05,69558.04,8e-05,69563.46,0.003,69557.5,8e-05
69561.2,6.09332,69561.19,0.75614,69561.21,8e-05,69561.18,0.00056,69561.3,0.23868,69561.16,0.00016,69561.31,0.27649,69561.15,0.11881,69561.47,8e-05,69561.14,0.17906,69561.66,0.00021,69561.11,8e-05,69561.67,0.00016,69561.1,0.05016,69561.72,0.003,69559.4,8e-05,69562.18,8e-05,69558.65,8e-05,69563.46,0.003,69558.05,8e-05
69561.2,6.08297,69561.19,0.75614,69561.21,8e-05,69561.18,0.00056,69561.29,8e-05,69561.16,0.00016,69561.3,0.23876,69561.15,0.05032,69561.31,0.27649,69561.14,0.17906,69561.47,8e-05,69561.11,8e-05,69561.66,0.00021,69561.1,0.05032,69561.67,0.00016,69559.4,8e-05,69561.72,0.003,69558.65,8e-05,69562.18,8e-05,69558.05,8e-05
69561.2,6.08261,69561.19,0.75502,69561.21,8e-05,69561.18,0.00056,69561.29,8e-05,69561.16,0.00016,69561.3,0.23876,69561.15,0.05032,69561.31,0.27649,69561.14,0.17906,69561.47,8e-05,69561.11,8e-05,69561.66,0.00021,69561.1,0.05032,69561.67,0.00016,69559.4,8e-05,69561.72,0.003,69558.79,0.01,69562.18,8e-05,69558.65,8e-05
69561.2,6.08277,69561.19,0.76502,69561.21,8e-05,69561.18,0.00056,69561.29,8e-05,69561.16,0.00016,69561.3,0.23876,69561.15,0.05032,69561.31,0.27649,69561.14,0.17906,69561.47,8e-05,69561.11,8e-05,69561.66,0.00021,69561.1,0.05032,69561.67,0.00016,69559.4,8e-05,69561.72,0.003,69558.79,0.01008,69562.18,8e-05,69558.65,8e-05
69561.2,4.99688,69561.19,2.16764,69561.21,8e-05,69561.18,0.0004,69561.29,8e-05,69561.16,0.00016,69561.3,0.05543,69561.15,0.15137,69561.31,0.15845,69561.14,0.17906,69561.47,8e-05,69561.11,8e-05,69561.66,0.00021,69561.1,0.0504,69561.67,0.00016,69559.4,8e-05,69562.18,8e-05,69558.79,0.01008,69562.35,0.01446,69558.65,8e-05
69561.2,1.26504,69561.19,2.53275,69561.21,0.00064,69561.18,0.0004,69561.29,8e-05,69561.15,0.15121,69561.3,8e-05,69561.14,0.17906,69561.31,8e-05,69561.1,0.05032,69561.67,0.00016,69560.91,0.00024,69562.18,8e-05,69559.4,8e-05,69562.34,0.00016,69558.79,0.01016,69562.35,0.01446,69558.65,8e-05,69563.81,8e-05,69558.04,8e-05
69561.2,1.1851,69561.19,2.50048,69561.21,0.0004,69561.18,0.00032,69561.29,8e-05,69561.15,0.12171,69561.3,8e-05,69561.14,0.17906,69561.31,8e-05,69561.1,0.05032,69561.67,0.00016,69560.91,8e-05,69562.18,8e-05,69559.4,8e-05,69562.34,0.00016,69558.79,0.01016,69562.35,0.01446,69558.65,8e-05,69562.58,8e-05,69558.04,8e-05
69570.89,0.00462,69570.88,4.19001,69570.9,0.00056,69570.65,0.00016,69570.99,0.00016,69569.24,8e-05,69571.0,0.03878,69568.97,0.05287,69571.35,0.0025,69568.95,2.72957,69571.42,0.00062,69568.94,5.9472,69571.62,0.00058,69568.93,0.24479,69571.85,0.00087,69568.25,0.00024,69572.0,0.0012,69568.06,0.01438,69572.05,8e-05,69565.71,0.00032
69576.68,0.82351,69576.67,2.85255,69576.69,0.00056,69576.66,0.00016,69576.92,0.0027,69576.3,8e-05,69577.51,8e-05,69575.11,4.93946,69577.62,8e-05,69575.1,2.82889,69578.0,0.0012,69575.0,0.00016,69578.17,8e-05,69574.99,1.69466,69578.31,0.00012,69573.44,0.00875,69578.44,8e-05,69572.77,8e-05,69578.45,0.00016,69572.29,0.00024
69576.68,1.10871,69576.67,2.1799,69576.69,0.0004,69576.66,0.00016,69576.92,0.0027,69576.65,0.05,69577.51,8e-05,69576.6,0.05,69577.62,8e-05,69576.3,8e-05,69578.0,0.0012,69575.12,0.75139,69578.17,8e-05,69575.11,0.1182,69578.31,0.00012,69575.1,0.44794,69578.44,8e-05,69574.99,1.69466,69578.45,0.00016,69574.29,0.00806
69576.68,2.00589,69576.67,1.86083,69576.69,0.00024,69576.66,0.00024,69576.92,0.0027,69576.65,0.05024,69577.1,0.06303,69576.61,8e-05,69577.11,0.00016,69576.6,0.05024,69577.12,0.16039,69576.3,8e-05,69577.51,8e-05,69575.15,0.00016,69577.62,8e-05,69575.11,8e-05,69578.0,0.0012,69575.1,0.27846,69578.17,8e-05,69574.99,0.008
69583.43,0.05185,69583.42,6.82275,69583.44,0.00056,69583.37,0.1182,69583.5,8e-05,69582.6,0.003,69583.92,9e-05,69581.37,0.24492,69584.0,0.0012,69580.86,0.003,69584.16,8e-05,69580.27,8e-05,69584.64,8e-05,69580.21,4.71953,69584.65,8e-05,69580.2,0.59302,69584.68,0.0001,69579.99,8e-05,69585.52,0.003,69579.83,8e-05
69583.43,2.87644,69583.42,0.92702,69583.44,8e-05,69583.41,0.00016,69583.5,8e-05,69583.37,8e-05,69583.92,9e-05,69582.73,8e-05,69584.0,0.0012,69581.89,8e-05,69584.16,8e-05,69581.88,0.00876,69584.34,0.003,69581.39,8e-05,69584.68,0.0001,69581.38,0.15862,69585.34,8e-05,69581.37,0.12849,69585.35,0.01813,69580.84,0.00114
69583.43,2.83469,69583.42,1.68233,69583.44,8e-05,69583.41,0.00016,69583.5,8e-05,69583.37,8e-05,69583.92,9e-05,69582.73,8e-05,69584.0,0.0012,69581.89,8e-05,69584.16,8e-05,69581.88,0.00876,69584.26,8e-05,69581.39,0.00016,69584.68,0.0001,69581.38,0.15878,69585.36,8e-05,69581.37,0.12849,69585.52,0.003,69580.86,0.003
69577.1,4.92018,69577.09,1.89615,69577.11,8e-05,69577.08,0.00016,69577.38,0.003,69576.69,0.00016,69579.12,0.003,69576.68,0.39663,69579.83,8e-05,69576.67,0.42704,69580.21,8e-05,69576.66,0.00016,69580.22,0.24656,69576.65,0.17524,69580.86,0.003,69576.61,0.00016,69581.87,8e-05,69576.6,0.17516,69581.88,0.26664,69576.3,0.00017
69577.1,4.92103,69577.09,1.7855,69577.11,8e-05,69577.08,0.00032,69577.38,0.003,69577.06,0.00016,69579.12,0.003,69577.05,0.05024,69579.83,8e-05,69577.01,8e-05,69580.21,0.24555,69577.0,0.05008,69580.22,0.24648,69576.69,0.00016,69580.86,0.003,69576.68,0.23111,69581.89,0.60202,69576.67,0.25196,69582.6,0.003,69576.66,8e-05
69577.1,4.4032,69577.09,1.83848,69577.11,8e-05,69577.08,0.00032,69577.38,0.003,69577.06,0.00016,69579.12,0.003,69577.05,0.05024,69579.83,8e-05,69577.01,0.00016,69580.2,8e-05,69577.0,0.05016,69580.21,0.24563,69576.69,8e-05,69580.22,0.24648,69576.68,0.23087,69580.86,0.003,69576.67,0.25188,69581.89,0.60202,69576.3,0.00017
69577.1,0.1261,69577.09,4.39707,69577.11,0.00016,69577.08,0.00016,69579.83,8e-05,69577.05,0.22524,69580.2,8e-05,69577.0,0.22516,69581.88,8e-05,69576.7,3.06338,69581.89,0.00046,69576.69,3.11207,69582.94,0.00285,69576.68,0.17516,69583.36,8e-05,69576.67,0.25188,69583.42,0.00016,69576.3,0.00017,69583.43,0.01185,69575.64,0.003
69583.7,2.17838,69583.69,1.85155,69583.71,8e-05,69583.68,0.00016,69583.92,9e-05,69583.36,8e-05,69584.0,0.0012,69583.29,8e-05,69584.42,8e-05,69583.28,0.00024,69584.68,0.0001,69582.94,8e-05,69585.36,8e-05,69582.93,0.00016,69585.52,0.003,69582.73,8e-05,69585.6,8e-05,69581.98,0.02,69585.69,8e-05,69579.85,8e-05
69583.7,0.01996,69583.69,3.68035,69583.71,0.0004,69583.68,0.00016,69583.92,9e-05,69583.36,8e-05,69584.0,0.0012,69583.34,0.30464,69584.42,8e-05,69582.73,8e-05,69584.68,0.0001,69582.43,0.00785,69585.36,8e-05,69581.8,0.22811,69585.52,0.003,69581.13,0.29605,69585.6,8e-05,69581.12,0.23931,69585.69,8e-05,69580.96,0.01398
69583.7,0.02004,69583.69,5.91843,69583.71,0.00048,69583.68,0.00016,69583.92,9e-05,69583.65,0.05016,69584.0,0.0012,69583.6,0.05008,69584.42,8e-05,69583.36,8e-05,69584.68,0.0001,69583.35,0.3862,69585.36,8e-05,69583.34,0.30472,69585.52,0.003,69582.73,8e-05,69585.6,8e-05,69582.43,0.18301,69585.69,8e-05,69582.03,8e-05
69599.51,0.56464,69599.5,4.40089,69599.52,0.00024,69599.49,0.00016,69599.98,8e-05,69599.29,0.00016,69599.99,0.00016,69599.28,0.17548,69600.0,1.05588,69599.17,8e-05,69600.13,0.0004,69598.17,8e-05,69600.23,8e-05,69597.48,0.00017,69600.72,8e-05,69597.02,8e-05,69601.01,8e-05,69596.62,8e-05,69601.38,0.00018,69594.85,8e-05
69606.68,0.00032,69606.67,0.20614,69606.69,0.00032,69606.46,0.00642,69606.7,0.18833,69605.99,1.22688,69606.8,0.0002,69605.19,0.0551,69606.88,8e-05,69605.18,0.0551,69606.9,9e-05,69605.14,0.1081,69607.32,0.00016,69605.11,0.05694,69607.33,8e-05,69605.1,2.34349,69607.59,8e-05,69604.97,0.1294,69608.0,0.0012,69604.93,1.57139
69613.39,0.1286,69613.38,6.42974,69613.4,0.00048,69613.37,0.00016,69613.68,0.00015,69612.21,2.16951,69614.0,0.0012,69612.2,0.25549,69614.28,0.00019,69612.19,0.89936,69614.74,0.00143,69612.0,0.00015,69614.86,8e-05,69611.99,0.183,69615.06,0.00017,69611.6,0.00017,69615.09,0.00373,69611.47,3.40535,69615.13,8e-05,69611.02,0.11177
69613.39,0.1604,69613.38,8.25125,69613.4,0.00056,69613.37,0.00016,69613.68,0.00015,69612.21,2.16967,69614.0,0.0012,69612.2,0.25549,69614.28,0.00019,69612.19,0.71036,69614.74,0.00143,69612.0,0.00015,69614.86,8e-05,69611.99,0.183,69615.06,0.00017,69611.6,0.00017,69615.09,0.00373,69611.47,3.40535,69615.13,8e-05,69611.03,0.00016
69613.39,0.12263,69613.38,9.8269,69613.4,0.00056,69613.37,0.00016,69613.68,0.00015,69612.21,2.16967,69614.0,0.0012,69612.2,0.25549,69614.28,0.00019,69612.19,0.71036,69614.74,0.00143,69612.0,0.00015,69614.86,8e-05,69611.99,0.183,69615.06,0.00017,69611.6,0.00017,69615.09,0.00373,69611.47,3.40535,69615.13,8e-05,69611.02,0.11177
69619.3,0.0001,69618.9,8.383,69619.39,8e-05,69618.89,0.00016,69619.52,0.00197,69618.66,0.00017,69619.92,8e-05,69617.51,0.24799,69619.93,0.00571,69617.03,1.43018,69619.99,0.00016,69617.02,2.59502,69620.0,0.084,69617.0,0.14221,69620.18,8e-05,69616.4,0.01452,69620.68,0.00011,69616.39,3.11334,69620.69,0.00227,69615.13,8e-05
69621.83,1.06472,69621.82,5.11263,69621.84,0.00032,69621.81,0.00016,69622.0,0.0012,69621.26,0.23393,69622.05,8e-05,69621.25,0.262,69622.19,8e-05,69620.95,0.16425,69622.75,0.00035,69620.94,0.31219,69622.76,0.1294,69620.68,0.02311,69622.78,0.00012,69620.67,8e-05,69622.84,8e-05,69620.24,8e-05,69622.94,8e-05,69620.0,0.06182
69640.0,3.96649,69639.99,3.83498,69640.11,0.00061,69639.98,0.00016,69640.19,0.00016,69639.84,0.00017,69640.2,8e-05,69638.78,0.11804,69640.56,0.00011,69638.31,0.03477,69640.69,8e-05,69638.3,0.05037,69640.78,0.00021,69637.27,0.26914,69640.97,8e-05,69636.61,0.00987,69641.06,0.00283,69636.35,0.06026,69641.46,8e-05,69636.31,8e-05
69673.7,0.02031,69672.0,1.68704,69673.91,0.00146,69668.86,0.37989,69674.0,0.0012,69668.29,2.9998,69674.32,0.00016,69668.14,0.00084,69674.68,0.00022,69667.99,0.32383,69674.8,0.00053,69667.92,0.00015,69674.88,8e-05,69667.91,4.84155,69675.0,0.00156,69667.57,0.00015,69675.14,8e-05,69667.56,0.41467,69675.32,0.00011,69666.8,0.26026
69661.05,4.04445,69661.04,0.3732,69661.06,8e-05,69661.03,0.00016,69661.43,0.2115,69661.02,9e-05,69661.44,0.00016,69660.08,8e-05,69661.99,0.00016,69660.01,0.00016,69662.01,0.93565,69660.0,0.00016,69663.22,0.11804,69659.84,8e-05,69664.32,8e-05,69659.55,0.12,69664.55,8e-05,69659.1,0.09312,69665.07,0.40058,69659.09,0.07974
69659.56,3.48059,69659.55,0.62742,69659.57,8e-05,69659.54,0.00016,69659.67,0.25537,69659.11,8e-05,69661.02,8e-05,69659.1,8e-05,69661.05,0.00055,69659.09,8e-05,69661.44,8e-05,69658.08,8e-05,69661.99,8e-05,69658.07,0.00024,69662.01,8e-05,69658.06,8e-05,69662.1,0.01407,69657.72,0.00016,69663.22,0.11828,69657.68,8e-05
69639.16,5.14866,69639.15,0.4483,69639.17,1.0439,69639.14,0.00016,69639.18,0.00016,69638.32,8e-05,69639.41,0.18916,69638.07,8e-05,69639.84,8e-05,69638.06,0.00024,69639.85,0.0482,69638.05,8e-05,69639.91,0.00016,69638.04,0.00024,69640.39,0.00032,69636.63,0.00011,69640.55,8e-05,69636.35,8e-05,69640.56,0.12964,69636.31,8e-05
69634.4,7.97686,69634.39,0.02983,69634.41,8e-05,69634.38,0.00016,69636.31,8e-05,69634.3,8e-05,69636.35,0.07433,69634.29,0.00024,69636.36,0.249,69634.28,0.00066,69639.15,0.14524,69633.49,8e-05,69639.16,0.49515,69633.48,0.00032,69639.17,0.00016,69632.97,0.00024,69639.18,8e-05,69632.78,0.00017,69639.41,8e-05,69632.12,8e-05
69628.55,3.78143,69628.54,0.59182,69628.56,0.25361,69628.53,0.0004,69628.59,0.08,69628.4,0.00261,69628.75,0.08008,69628.22,8e-05,69628.76,0.08,69627.45,8e-05,69628.77,0.39091,69627.44,8e-05,69628.78,0.15418,69626.55,8e-05,69628.92,0.08008,69626.33,8e-05,69629.09,8e-05,69625.88,8e-05,69629.25,8e-05,69625.87,0.00016
69613.39,4.47847,69613.38,1.38511,69613.4,8e-05,69613.37,0.0004,69615.13,8e-05,69612.96,0.00016,69616.4,0.11614,69612.95,0.03688,69617.67,0.01162,69612.7,0.00016,69618.27,0.02702,69612.69,0.00024,69618.66,8e-05,69612.54,8e-05,69619.53,0.11828,69612.2,0.22217,69619.67,8e-05,69612.19,0.17532,69619.83,8e-05,69612.14,8e-05
69617.28,0.9115,69617.27,2.73728,69617.29,0.04119,69617.26,0.00016,69617.67,8e-05,69617.19,0.0003,69617.9,0.00024,69616.81,0.02,69618.26,0.00016,69616.33,0.05,69618.27,0.0271,69615.13,8e-05,69618.44,0.00016,69614.67,3.36014,69618.45,0.00016,69614.6,4.43161,69618.5,0.003,69614.48,2.8432,69618.66,8e-05,69613.4,1.58028
69617.28,2.10337,69617.27,1.1837,69617.29,0.00016,69617.26,0.00038,69617.67,8e-05,69615.75,0.0003,69618.25,8e-05,69615.43,0.03949,69618.26,0.01791,69615.42,0.12964,69618.27,0.0271,69615.13,8e-05,69618.5,0.003,69614.6,0.00196,69618.66,8e-05,69613.51,8e-05,69618.82,8e-05,69613.5,0.07445,69619.53,8e-05,69613.49,0.12972
69610.32,5.64575,69610.31,0.68572,69610.33,0.12828,69610.3,0.00024,69610.42,8e-05,69609.54,8e-05,69611.5,0.003,69608.95,0.00011,69611.6,8e-05,69608.07,8e-05,69611.88,8e-05,69607.51,0.003,69612.32,0.08144,69607.41,8e-05,69612.33,8e-05,69607.24,8e-05,69612.89,0.02624,69607.23,0.00852,69613.25,0.003,69606.7,0.00016
69610.32,6.63283,69610.31,0.06173,69610.33,0.01024,69610.3,0.00048,69610.36,0.05287,69610.01,8e-05,69610.42,8e-05,69610.0,0.00736,69611.5,0.003,69609.54,8e-05,69611.6,8e-05,69608.07,8e-05,69611.88,8e-05,69608.0,0.0004,69612.06,0.09488,69607.51,0.003,69612.32,0.08144,69607.5,8e-05,69612.33,8e-05,69607.24,8e-05
69596.67,5.5256,69596.66,0.06981,69596.68,0.00016,69596.65,0.00032,69596.97,0.1131,69596.0,0.0008,69596.98,0.25486,69595.69,0.003,69597.48,8e-05,69594.85,0.00374,69597.5,0.003,69594.56,0.001,69598.01,0.11804,69594.0,0.0008,69599.25,0.003,69593.95,8e-05,69601.0,0.003,69593.73,8e-05,69601.01,8e-05,69593.72,0.00024
69596.67,4.80267,69596.66,1.23865,69596.68,0.00016,69596.65,0.00056,69596.96,8e-05,69596.0,0.0008,69596.97,0.0409,69595.92,8e-05,69596.98,0.12981,69595.69,0.003,69597.48,8e-05,69594.88,0.1294,69597.5,0.003,69594.85,0.00374,69598.01,8e-05,69594.56,0.001,69599.25,0.003,69594.0,0.0008,69601.0,0.003,69593.95,8e-05
69593.74,5.80054,69593.73,0.00111,69593.95,8e-05,69593.72,0.0004,69593.96,0.25104,69593.62,8e-05,69594.01,2.59025,69593.58,0.00035,69594.21,0.00024,69593.21,8e-05,69594.57,8e-05,69592.71,8e-05,69594.78,0.003,69592.7,0.00016,69594.86,0.22932,69592.69,0.02224,69594.9,0.20877,69592.5,0.00058,69595.52,0.16695,69592.0,0.0017
69582.19,6.31687,69582.18,0.74196,69582.2,0.00016,69582.17,0.00048,69583.36,8e-05,69582.06,0.00066,69585.21,0.0003,69582.05,0.00016,69585.73,0.78474,69582.03,0.003,69585.74,0.22068,69582.0,0.0012,69586.08,0.003,69581.98,8e-05,69586.89,8e-05,69581.97,8e-05,69587.82,0.003,69581.6,0.00051,69588.26,0.03629,69581.4,8e-05
69582.19,6.13827,69582.18,1.16298,69582.2,0.00016,69582.17,0.00064,69583.36,8e-05,69582.06,0.00066,69585.28,8e-05,69582.05,8e-05,69585.72,8e-05,69582.03,0.003,69585.73,0.05788,69582.0,0.0012,69585.74,0.18994,69581.98,8e-05,69586.08,0.003,69581.97,8e-05,69586.89,8e-05,69581.6,0.00051,69587.07,0.003,69581.37,0.00374
69582.19,2.85217,69582.18,1.23742,69582.2,0.00016,69582.17,0.00048,69583.36,8e-05,69582.06,0.00066,69585.28,8e-05,69582.05,8e-05,69585.73,0.00037,69582.03,0.003,69585.74,0.00078,69582.0,0.0012,69586.08,0.003,69581.98,8e-05,69586.89,8e-05,69581.97,8e-05,69587.07,0.003,69581.6,0.00051,69587.46,8e-05,69581.47,8e-05
69582.19,3.04107,69582.18,0.90856,69582.2,0.00016,69582.17,0.00048,69583.36,8e-05,69582.06,0.00066,69584.36,0.00016,69582.05,8e-05,69584.55,0.00074,69582.03,0.003,69584.92,0.0003,69582.0,0.0012,69585.73,0.00021,69581.98,8e-05,69585.74,0.00078,69581.97,8e-05,69586.08,0.003,69581.6,0.00051,69586.89,8e-05,69581.54,8e-05
69582.19,3.96607,69582.18,0.51883,69582.2,0.00016,69582.17,0.00048,69582.6,0.003,69582.06,0.00066,69583.36,8e-05,69582.05,8e-05,69583.8,0.00016,69582.03,0.003,69584.11,8e-05,69582.0,0.0012,69584.34,0.003,69581.98,8e-05,69584.55,0.00074,69581.97,8e-05,69585.73,0.00021,69581.37,0.00374,69585.74,0.00078,69581.34,8e-05
69582.19,4.61263,69582.18,0.44797,69582.2,0.00016,69582.17,0.00048,69582.6,0.003,69582.06,0.00066,69583.36,8e-05,69582.05,8e-05,69584.34,0.003,69582.03,0.003,69584.55,0.00074,69582.0,0.0012,69585.1,0.0003,69581.98,8e-05,69585.28,8e-05,69581.97,8e-05,69585.73,0.00021,69581.37,0.00374,69585.74,0.00078,69581.34,8e-05
69583.36,1.23626,69583.35,2.34085,69583.37,0.00016,69583.34,0.0004,69584.19,0.0003,69582.19,8e-05,69584.55,0.00074,69582.18,2.48434,69585.74,0.0004,69581.39,8e-05,69586.66,8e-05,69581.38,3.17344,69586.89,8e-05,69581.37,0.00047,69587.07,0.003,69580.99,0.00621,69587.18,0.00021,69580.86,0.003,69587.46,0.00016,69580.64,8e-05
69583.36,1.25201,69583.35,2.34231,69583.37,0.00016,69583.34,0.0004,69584.55,0.00074,69582.41,8e-05,69585.74,0.0004,69582.4,0.14397,69586.66,8e-05,69582.19,8e-05,69586.89,8e-05,69582.18,2.48434,69587.07,0.003,69582.03,8e-05,69587.18,0.00021,69581.38,3.10355,69587.46,0.00016,69581.37,0.00023,69587.47,0.03089,69580.99,0.00621
69586.66,0.227,69586.65,1.85235,69586.67,0.00064,69585.79,0.42076,69586.89,8e-05,69585.77,0.00016,69587.07,0.003,69585.76,0.00142,69587.46,0.00016,69585.75,0.74625,69587.47,0.00032,69585.61,0.05287,69587.48,0.09512,69585.5,8e-05,69588.12,0.00374,69585.38,0.0003,69588.26,8e-05,69585.32,0.03,69588.27,0.00024,69583.36,8e-05
69586.66,0.74317,69586.65,1.49476,69586.67,0.00048,69586.64,0.00016,69586.8,8e-05,69585.95,0.00016,69586.81,0.01016,69585.81,8e-05,69586.89,8e-05,69585.8,0.23275,69587.07,0.003,69585.76,0.0015,69587.46,0.00016,69585.75,0.74625,69587.47,0.02997,69585.5,8e-05,69587.48,0.0952,69585.32,0.03016,69588.12,0.00374,69584.81,8e-05
69586.66,1.23446,69586.65,1.42277,69586.67,0.00056,69586.64,0.00016,69586.8,8e-05,69586.19,8e-05,69586.81,0.01016,69586.18,0.14381,69586.89,8e-05,69585.81,8e-05,69587.07,0.003,69585.8,0.23275,69587.46,0.00016,69585.76,0.00213,69587.47,0.02997,69585.75,0.74641,69587.48,0.09512,69585.5,8e-05,69588.12,0.00374,69585.49,8e-05
69586.66,1.2205,69586.65,1.39058,69586.67,0.00056,69586.64,0.00016,69586.8,8e-05,69586.19,8e-05,69586.81,0.01016,69586.18,0.14397,69586.89,8e-05,69585.81,8e-05,69587.07,0.003,69585.8,0.23275,69587.46,0.00016,69585.76,0.00213,69587.47,0.02997,69585.75,0.74641,69587.48,0.0952,69585.5,8e-05,69587.58,8e-05,69585.49,8e-05
69590.35,0.0008,69590.34,1.10761,69590.36,8e-05,69589.73,0.92513,69590.4,0.00016,69589.72,0.56217,69590.41,8e-05,69589.67,5.21674,69590.42,8e-05,69589.66,1.01045,69590.92,8e-05,69589.65,0.00016,69590.97,0.00011,69589.43,0.30464,69591.95,0.003,69588.25,2.58583,69592.5,0.00058,69588.11,0.17524,69592.69,0.00016,69587.62,0.12
69611.29,0.92502,69611.28,5.33622,69611.3,0.00048,69611.27,0.00016,69611.6,0.00017,69608.07,8e-05,69611.99,0.00016,69605.82,0.00021,69612.0,0.0004,69605.8,0.0003,69612.3,0.00011,69605.53,7.34146,69612.43,0.00016,69605.52,0.20143,69612.44,8e-05,69605.36,0.17516,69613.12,0.00016,69605.35,0.17532,69613.39,0.00058,69604.54,8e-05
69611.29,0.06757,69611.28,7.76685,69611.3,0.00024,69611.27,0.00016,69611.6,8e-05,69611.13,0.03016,69611.99,8e-05,69608.64,0.09247,69612.0,0.0004,69608.63,0.12016,69612.44,8e-05,69608.08,0.00016,69612.57,8e-05,69608.07,8e-05,69613.39,0.00058,69607.79,0.01437,69614.0,0.0004,69607.03,0.18907,69614.27,8e-05,69606.48,0.18981
69622.98,2.87567,69622.97,0.13845,69622.99,0.00016,69622.96,0.00016,69623.68,8e-05,69622.19,8e-05,69623.83,0.00058,69618.67,8e-05,69623.94,0.00014,69618.66,0.00016,69624.0,0.0008,69618.65,0.00016,69624.22,0.1294,69617.4,0.81207,69625.5,0.05287,69617.39,8e-05,69625.72,0.00017,69617.38,0.00016,69625.76,0.003,69617.35,8e-05
69618.3,4.83114,69618.29,0.94474,69618.31,0.00016,69618.28,0.00016,69618.51,0.00451,69617.52,8e-05,69618.66,8e-05,69617.43,0.00016,69618.67,0.23218,69617.42,0.00024,69618.84,0.1294,69617.41,8e-05,69620.12,0.00021,69617.4,0.00024,69622.19,8e-05,69617.04,0.00016,69622.97,1.34721,69617.03,0.05024,69622.98,0.26119,69616.01,8e-05
69618.3,5.09409,69618.29,1.26885,69618.31,0.00016,69618.28,0.00016,69618.51,0.00451,69617.52,8e-05,69618.66,0.10823,69617.42,8e-05,69618.67,0.23242,69617.41,8e-05,69618.84,0.12972,69617.4,8e-05,69620.12,0.00021,69617.04,0.00016,69620.22,0.05303,69617.03,0.05032,69621.38,8e-05,69616.75,8e-05,69622.0,0.0034,69616.01,0.00016
69618.3,0.08354,69618.29,1.47919,69618.31,0.00024,69618.28,0.00016,69618.65,8e-05,69617.52,8e-05,69618.66,0.00032,69617.4,8e-05,69618.67,0.00032,69617.03,0.00032,69618.84,8e-05,69616.75,8e-05,69619.52,8e-05,69616.01,0.05458,69620.12,0.00021,69616.0,0.15879,69621.38,8e-05,69615.99,0.00024,69621.53,8e-05,69615.87,0.00011
69621.54,1.16771,69621.53,2.02608,69621.55,0.00016,69621.52,0.12274,69622.0,0.0004,69619.53,0.12264,69622.19,8e-05,69619.51,0.11828,69622.25,0.03938,69618.84,0.00016,69622.26,0.1294,69618.83,8e-05,69622.5,0.00021,69618.66,0.00017,69622.97,8e-05,69618.61,8e-05,69622.98,0.00023,69618.5,0.003,69623.83,0.00058,69618.33,0.03016
69621.54,1.19174,69621.53,1.90855,69621.55,0.00024,69621.52,0.12274,69622.0,0.0004,69619.54,8e-05,69622.19,8e-05,69619.53,0.12272,69622.24,0.00016,69619.52,8e-05,69622.25,0.03954,69619.51,0.11828,69622.26,0.12956,69618.83,8e-05,69622.5,0.00021,69618.66,0.00017,69622.97,8e-05,69618.5,0.003,69622.98,0.00023,69618.34,8e-05
69621.54,2.51736,69621.53,0.00194,69621.55,0.00016,69621.52,0.00024,69622.0,0.0034,69620.34,0.05,69622.19,8e-05,69619.54,8e-05,69622.29,8e-05,69619.53,8e-05,69622.5,0.00021,69619.52,8e-05,69622.66,0.07042,69619.51,8e-05,69622.67,0.12972,69618.83,8e-05,69622.98,0.00023,69618.66,8e-05,69623.75,0.05582,69618.3,0.00016
69614.57,1.28944,69614.56,1.41107,69614.58,0.00016,69614.55,0.0004,69615.0,0.003,69614.23,0.0005,69615.13,8e-05,69613.28,8e-05,69615.49,0.00021,69613.0,0.0003,69616.75,0.003,69612.61,8e-05,69617.04,8e-05,69612.2,8e-05,69618.28,8e-05,69611.95,0.02035,69618.29,0.00024,69611.94,0.05,69618.3,8e-05,69611.6,8e-05
69614.57,1.59568,69614.56,1.67562,69614.58,0.00016,69614.55,0.00024,69615.13,8e-05,69614.23,0.05096,69615.49,0.00021,69614.22,0.12964,69616.75,0.003,69613.28,8e-05,69617.04,8e-05,69613.0,0.0003,69618.19,8e-05,69612.2,8e-05,69618.2,0.13991,69611.6,8e-05,69618.21,0.12956,69611.28,0.01452,69618.29,8e-05,69611.11,0.003
69618.66,1.12658,69618.65,3.0195,69618.67,0.0004,69618.29,0.00024,69619.45,0.003,69618.28,0.1242,69619.51,8e-05,69616.75,0.003,69620.18,8e-05,69615.14,8e-05,69620.35,0.00016,69615.13,2.51615,69620.67,0.0003,69615.12,0.30743,69621.52,0.00024,69615.0,0.003,69621.53,8e-05,69614.65,8e-05,69621.54,0.00016,69614.64,3.10355
69618.66,0.06925,69618.65,3.9904,69618.67,0.00048,69618.64,0.00016,69619.45,0.003,69618.28,0.12428,69620.18,8e-05,69617.01,0.00016,69620.35,0.00016,69616.75,0.00308,69621.52,0.00016,69615.84,8e-05,69621.53,8e-05,69615.13,0.23037,69621.54,0.00016,69615.12,0.11835,69621.83,0.00373,69615.0,0.003,69622.0,0.0004,69614.56,0.64812
69618.66,1.08358,69618.65,4.6859,69618.67,0.00032,69618.64,0.00016,69620.18,8e-05,69618.28,0.12428,69620.35,0.00016,69616.75,0.00308,69621.38,8e-05,69615.13,0.23037,69621.52,0.00016,69615.12,0.11835,69621.53,8e-05,69615.0,0.003,69621.54,0.00016,69614.56,0.6482,69621.83,0.00373,69614.34,0.00051,69622.0,0.0004,69614.23,0.0005
69614.87,6.72969,69614.86,0.00094,69614.88,0.00016,69614.85,0.00024,69615.13,1.99723,69614.57,8e-05,69615.14,0.34813,69614.56,0.01079,69615.15,8e-05,69614.23,0.0005,69618.5,0.003,69614.22,8e-05,69618.64,0.23179,69613.25,8e-05,69618.65,0.00021,69613.24,0.00024,69618.66,0.00086,69613.01,0.00016,69618.89,0.00016,69612.2,8e-05
69606.24,1.13542,69606.23,2.61499,69606.25,0.00016,69606.22,0.00016,69606.47,8e-05,69605.64,8e-05,69606.48,8e-05,69605.54,0.00016,69606.91,8e-05,69604.92,0.00015,69607.09,0.00016,69604.54,8e-05,69607.1,0.00031,69604.22,8e-05,69608.07,8e-05,69603.24,8e-05,69611.6,0.00017,69602.94,0.00058,69611.67,0.12601,69602.14,8e-05
69611.6,1.81204,69611.59,2.08987,69611.61,0.00016,69611.58,0.0004,69611.63,0.0612,69611.53,8e-05,69611.64,0.00016,69611.52,0.12972,69611.7,0.00016,69608.07,0.00016,69611.75,0.00016,69608.06,0.15938,69611.98,0.003,69608.05,0.14401,69612.09,0.01,69607.36,8e-05,69612.2,8e-05,69607.35,0.14401,69612.21,0.00016,69607.1,8e-05
69601.61,0.00157,69601.6,3.66618,69601.92,0.00016,69601.59,0.00016,69604.23,0.00016,69601.56,8e-05,69604.24,0.00032,69601.01,8e-05,69604.54,8e-05,69600.73,8e-05,69608.03,0.07,69600.66,0.00016,69608.04,0.00016,69600.58,0.12948,69608.05,0.00016,69600.09,8e-05,69608.06,0.00054,69599.94,0.003,69608.07,8e-05,69599.41,0.05232
69611.53,0.54905,69611.52,4.68439,69611.54,0.00024,69611.51,0.00016,69611.58,8e-05,69611.26,8e-05,69611.59,8e-05,69609.36,1.98697,69611.6,8e-05,69608.08,0.00021,69611.98,0.003,69608.07,0.17532,69612.08,8e-05,69608.05,5.68938,69612.09,0.01016,69608.03,0.17539,69612.2,8e-05,69608.02,0.17588,69612.21,8e-05,69607.61,0.01428
69618.66,1.71986,69618.65,0.6524,69618.67,0.00016,69618.64,0.00016,69618.79,0.03877,69616.02,8e-05,69618.8,0.12964,69616.01,0.00016,69619.41,0.00011,69615.13,8e-05,69620.18,8e-05,69615.11,0.00046,69620.7,0.0003,69614.23,8e-05,69621.18,0.04951,69613.02,0.00016,69621.19,8e-05,69612.85,8e-05,69621.32,0.03758,69612.84,0.00024
69623.84,0.55156,69623.83,2.78788,69623.85,0.0004,69623.82,0.23708,69624.0,0.0008,69622.96,0.03867,69624.33,0.003,69622.95,0.1294,69625.5,8e-05,69622.19,8e-05,69625.72,0.00017,69621.17,8e-05,69625.89,8e-05,69619.94,0.00021,69625.9,0.00016,69618.67,1.95192,69626.0,0.0008,69618.66,2.78235,69626.22,0.003,69618.65,0.00412
69628.0,1.13959,69627.99,2.6449,69628.01,0.00016,69627.91,0.00016,69628.16,8e-05,69627.04,8e-05,69628.78,0.0003,69627.03,0.0759,69629.25,8e-05,69627.02,0.25423,69629.39,8e-05,69625.72,8e-05,69629.56,8e-05,69623.86,0.19413,69630.0,0.0012,69623.85,8e-05,69630.78,8e-05,69623.84,0.18924,69630.79,0.00016,69623.83,0.34112
69630.0,1.19419,69629.99,2.33237,69630.01,0.00016,69629.55,0.00016,69630.78,8e-05,69629.25,8e-05,69630.79,8e-05,69628.0,8e-05,69630.8,8e-05,69627.99,0.02085,69630.82,8e-05,69627.06,8e-05,69631.32,8e-05,69627.04,0.00024,69631.33,8e-05,69627.02,0.00016,69631.34,8e-05,69626.95,8e-05,69631.35,8e-05,69625.73,0.00718
69634.88,0.56417,69634.87,5.99493,69634.89,0.00016,69634.86,0.29504,69635.49,8e-05,69633.37,0.41996,69636.0,0.0012,69633.36,0.44118,69636.14,0.00016,69632.78,8e-05,69636.31,8e-05,69631.84,0.0145,69637.75,0.003,69630.57,2.06853,69638.0,0.0012,69630.56,2.58583,69638.31,8e-05,69630.1,0.00797,69638.8,8e-05,69630.01,0.18234
69634.88,1.90139,69634.87,1.81137,69634.89,0.00016,69634.86,0.0004,69635.83,0.0003,69633.38,8e-05,69636.0,0.0012,69633.37,0.1222,69636.14,0.00016,69633.36,0.26604,69636.18,8e-05,69632.78,8e-05,69636.31,8e-05,69631.85,0.00718,69637.75,0.00021,69631.84,0.0145,69638.0,0.0012,69631.43,0.02,69638.05,8e-05,69630.6,8e-05
69634.88,1.38907,69634.87,2.16191,69634.89,0.00016,69634.86,0.00024,69636.0,0.0012,69633.39,8e-05,69636.14,0.00016,69633.38,0.12187,69636.18,8e-05,69633.37,0.1222,69636.31,8e-05,69633.36,0.26596,69636.64,8e-05,69632.78,8e-05,69637.75,0.00021,69631.43,0.02016,69638.0,0.0012,69629.99,0.00702,69638.05,8e-05,69629.32,0.01664
69634.88,1.2061,69634.87,2.56865,69634.89,0.00016,69634.86,0.00024,69636.0,0.0012,69633.39,8e-05,69636.14,0.00016,69633.38,0.08352,69636.18,8e-05,69633.37,0.1222,69636.31,8e-05,69633.36,0.13672,69637.75,0.00021,69632.78,8e-05,69638.0,0.0012,69630.0,0.00734,69638.05,8e-05,69629.99,0.00702,69638.31,8e-05,69629.3,1.88942
69634.88,0.56263,69634.87,2.57077,69634.89,0.00048,69634.86,0.00024,69636.0,0.0012,69633.38,0.08344,69636.14,0.00016,69633.37,0.12212,69636.18,8e-05,69633.36,0.1368,69636.31,8e-05,69632.78,8e-05,69637.75,0.00021,69630.35,0.03287,69638.0,0.0012,69630.34,0.03016,69638.05,8e-05,69630.0,0.00734,69638.31,8e-05,69629.99,0.00702
69642.63,0.74697,69642.62,3.95615,69642.64,0.00064,69642.61,0.00016,69642.72,8e-05,69639.84,8e-05,69643.37,8e-05,69638.0,0.40125,69643.47,8e-05,69637.99,0.3871,69643.81,8e-05,69637.52,0.0003,69644.0,0.0012,69636.31,8e-05,69644.12,8e-05,69636.3,0.29328,69644.51,8e-05,69636.19,0.17516,69644.73,0.00058,69636.17,0.25524
69653.35,2.70674,69653.34,2.78973,69653.36,0.0004,69653.33,0.00016,69653.96,0.00017,69650.43,8e-05,69654.0,0.0012,69649.52,8e-05,69654.22,8e-05,69649.51,0.07634,69654.55,0.00011,69649.5,0.25571,69654.76,8e-05,69648.02,8e-05,69654.96,0.00011,69648.0,0.00742,69655.08,8e-05,69647.99,0.42173,69655.09,0.00016,69646.9,8e-05
69653.35,2.51708,69653.34,1.61607,69653.36,0.00016,69653.33,0.00016,69653.96,0.00017,69650.43,8e-05,69654.0,0.0012,69649.53,0.00016,69654.1,8e-05,69649.52,0.03701,69654.11,0.05371,69649.51,0.00016,69654.12,0.05319,69649.5,0.12293,69654.22,8e-05,69648.46,0.003,69654.23,0.12956,69648.01,8e-05,69654.55,0.00011,69648.0,0.12705
69653.35,0.4274,69653.34,4.34122,69653.36,0.00024,69653.33,0.00016,69653.96,8e-05,69651.75,0.003,69654.0,0.0012,69650.47,0.10139,69654.12,8e-05,69650.46,0.00016,69654.23,8e-05,69650.44,0.00039,69654.76,8e-05,69650.43,8e-05,69655.18,0.00058,69650.01,0.00718,69655.88,8e-05,69650.0,0.003,69656.0,0.0012,69649.98,0.00016
69664.0,0.69926,69663.99,2.55022,69664.01,0.00048,69663.98,0.00016,69664.55,8e-05,69663.66,0.00024,69664.62,8e-05,69663.65,0.24744,69665.38,8e-05,69662.7,0.42204,69665.39,0.00016,69662.69,0.00024,69665.4,8e-05,69662.25,0.003,69665.62,0.00058,69661.02,0.00017,69666.0,0.0012,69660.87,0.16409,69666.13,0.00016,69660.55,0.15
69664.0,3.67713,69663.99,0.00553,69664.01,0.00016,69663.98,0.00016,69664.53,0.05505,69663.67,8e-05,69664.54,0.12948,69663.66,0.00032,69664.55,8e-05,69663.65,0.00032,69665.4,8e-05,69663.27,8e-05,69665.45,0.05287,69662.7,8e-05,69665.49,0.00021,69662.69,8e-05,69665.62,0.00058,69661.47,0.00051,69666.0,0.0012,69661.26,8e-05
69659.62,1.65787,69659.61,1.54619,69659.63,0.03683,69659.6,0.00016,69660.55,8e-05,69659.04,8e-05,69660.56,0.11818,69659.03,0.0482,69660.87,0.00021,69659.02,0.12948,69660.88,0.00357,69658.93,0.00573,69660.99,8e-05,69658.24,8e-05,69661.02,8e-05,69658.23,0.00016,69662.25,0.003,69658.22,0.00015,69663.04,8e-05,69657.72,8e-05
69667.99,0.00475,69667.98,4.48734,69668.0,0.00176,69667.84,0.00016,69668.06,8e-05,69667.81,0.27318,69668.08,8e-05,69667.8,0.89864,69668.92,8e-05,69667.49,0.58469,69669.04,8e-05,69666.95,0.0003,69669.09,8e-05,69666.0,0.00021,69669.1,8e-05,69665.99,0.31369,69669.17,8e-05,69665.45,0.01,69669.18,0.00523,69665.44,0.2755
69676.3,0.00169,69676.29,3.9889,69676.31,0.00113,69676.06,0.16449,69676.45,8e-05,69676.02,2.94841,69676.66,8e-05,69676.01,0.00072,69677.24,0.00015,69676.0,0.18754,69677.25,0.001,69675.99,0.32915,69677.41,8e-05,69675.98,2.58599,69677.89,8e-05,69675.93,0.00021,69677.91,8e-05,69675.92,3.10355,69677.92,0.00512,69675.14,0.00017
69678.28,1.27325,69678.27,1.76234,69678.29,0.00048,69678.26,0.00016,69678.38,0.00016,69678.0,0.13967,69678.39,0.02223,69677.99,0.11646,69678.44,0.00042,69677.24,8e-05,69678.57,0.00074,69677.23,8e-05,69678.61,0.00493,69676.65,8e-05,69678.67,8e-05,69676.44,8e-05,69678.7,8e-05,69676.3,0.00015,69679.23,8e-05,69676.29,0.00031
69674.46,4.24626,69674.45,0.2972,69674.47,0.00016,69674.44,0.00016,69675.14,8e-05,69674.37,8e-05,69675.26,0.05441,69674.36,8e-05,69675.27,8e-05,69674.16,8e-05,69675.81,0.12948,69673.81,0.00016,69678.26,0.20231,69673.8,0.00024,69678.27,0.00015,69671.61,8e-05,69678.28,0.00225,69670.72,8e-05,69678.38,0.00016,69670.71,0.0003
69669.47,6.46909,69669.46,0.00102,69669.48,0.04337,69669.45,0.00016,69669.49,0.01475,69669.37,8e-05,69670.65,0.12956,69669.19,8e-05,69671.12,0.0003,69669.18,8e-05,69671.61,8e-05,69669.17,0.00496,69672.47,0.19211,69669.03,8e-05,69673.38,0.06779,69669.02,8e-05,69673.39,0.05319,69668.41,8e-05,69673.79,0.00016,69668.08,8e-05
69660.54,1.62658,69660.53,1.79759,69660.55,0.00016,69660.52,0.00032,69660.73,0.00016,69660.51,8e-05,69660.74,0.00032,69660.43,0.00496,69660.75,0.00032,69660.34,0.1294,69661.02,8e-05,69659.8,8e-05,69662.74,0.1294,69659.72,0.003,69664.55,8e-05,69659.61,0.00016,69665.61,0.00024,69659.6,0.00348,69665.62,0.07771,69658.91,0.00067
69673.36,3.5047,69673.35,0.3287,69673.37,0.00016,69673.34,0.00024,69673.79,0.00016,69671.61,8e-05,69673.8,0.00037,69670.82,0.03881,69674.37,8e-05,69670.81,0.12948,69674.44,8e-05,69670.0,8e-05,69675.14,0.00017,69669.15,8e-05,69675.62,8e-05,69669.14,8e-05,69676.07,0.00058,69668.7,0.00016,69676.29,0.00011,69668.69,0.00024
69678.61,0.95535,69678.6,3.73509,69678.62,0.00016,69678.56,0.00016,69678.7,8e-05,69678.07,0.1294,69679.09,0.00016,69675.14,8e-05,69679.1,0.04091,69674.97,0.0003,69679.11,0.12956,69674.46,1.8179,69679.25,0.003,69674.45,0.17602,69680.0,0.0041,69674.44,0.00016,69680.26,8e-05,69673.79,8e-05,69680.7,0.0008,69673.35,0.196
69678.61,0.0849,69678.6,7.75651,69678.62,0.00056,69678.59,0.00016,69678.7,8e-05,69678.09,0.1434,69679.25,0.003,69678.08,0.17516,69680.0,0.0041,69678.07,0.30472,69680.26,8e-05,69677.85,8e-05,69680.7,0.0008,69675.14,0.00017,69681.0,8e-05,69674.97,0.0003,69681.09,8e-05,69674.66,0.17314,69681.27,0.00011,69674.65,0.25524
69680.0,1.49165,69679.99,3.42756,69680.01,0.00032,69679.98,0.00016,69680.26,8e-05,69678.67,8e-05,69680.42,0.00016,69678.66,8e-05,69680.43,0.08451,69678.64,0.00016,69680.44,0.12964,69678.61,8e-05,69680.7,0.0008,69678.6,0.01407,69681.0,8e-05,69678.07,0.00016,69681.27,0.00011,69677.85,8e-05,69681.35,0.00085,69676.25,0.003
69678.08,4.62925,69678.07,0.00358,69678.09,0.00016,69678.06,0.00016,69678.22,0.0003,69676.07,8e-05,69678.61,1.74627,69676.06,0.00016,69678.62,0.16409,69675.14,8e-05,69678.67,8e-05,69674.67,0.00016,69678.68,0.00222,69674.66,0.00016,69679.74,0.00024,69674.65,8e-05,69679.75,0.003,69674.47,0.00016,69679.9,0.00024,69674.46,0.00024
69666.84,0.55423,69666.83,2.03016,69666.85,0.00016,69666.82,0.00024,69668.08,8e-05,69665.88,0.05677,69671.0,0.003,69665.87,8e-05,69671.61,8e-05,69665.86,8e-05,69671.74,0.00144,69665.62,0.00058,69672.75,0.003,69665.58,0.0003,69673.33,0.21915,69665.4,8e-05,69673.34,8e-05,69664.65,8e-05,69673.35,0.00032,69664.63,8e-05
69660.55,4.626,69660.54,1.47804,69660.56,0.00016,69660.53,0.00114,69661.02,8e-05,69660.43,0.00496,69661.15,8e-05,69660.08,8e-05,69661.16,0.03581,69659.8,8e-05,69661.17,0.11948,69659.72,0.003,69662.25,0.003,69659.6,0.00318,69662.73,8e-05,69658.71,0.003,69662.74,0.23059,69657.69,8e-05,69662.75,8e-05,69657.68,0.05473
69660.55,4.83242,69660.54,0.46611,69660.56,0.00016,69660.53,0.0045,69661.02,8e-05,69660.49,8e-05,69661.16,0.03573,69660.43,0.00496,69661.17,0.11948,69660.08,8e-05,69662.25,0.003,69659.8,8e-05,69662.74,0.24052,69659.6,0.00318,69662.76,0.11572,69658.71,0.003,69663.58,0.0003,69657.69,8e-05,69663.97,8e-05,69657.68,0.00016
69660.55,0.15676,69660.54,3.35332,69660.56,0.00016,69660.53,0.0041,69661.02,8e-05,69660.5,0.003,69662.76,0.00016,69660.49,0.0759,69663.04,8e-05,69660.48,0.12956,69663.89,0.0003,69660.43,0.00496,69664.22,8e-05,69660.08,8e-05,69664.23,0.00016,69659.8,8e-05,69664.55,8e-05,69659.6,0.00318,69665.43,0.003,69659.1,8e-05
